ticker,sector,beta,alpha,alpha_ann,t_alpha,r2,t_beta,mean_excess,mean_excess_ann
AAPL,Information Technology,1.1011,0.0108,0.129,1.8839,0.4146,9.1021,0.0227,0.2724
MSFT,Information Technology,0.9027,0.0091,0.1092,1.8907,0.401,8.8509,0.0189,0.2267
NVDA,Information Technology,1.746,0.0299,0.3587,2.9268,0.3574,8.0664,0.0488,0.586
JPM,Financials,1.0719,0.0051,0.0611,1.0846,0.4981,10.7753,0.0167,0.2007
BAC,Financials,1.3327,0.0002,0.0026,0.0419,0.5518,12.0018,0.0147,0.1762
JNJ,Health Care,0.4211,0.0034,0.0412,0.7897,0.1513,4.5672,0.008,0.0961
UNH,Health Care,0.6693,0.005,0.0604,0.6853,0.1362,4.2954,0.0123,0.1476
PFE,Health Care,0.4813,-0.0036,-0.0434,-0.6208,0.1151,3.9019,0.0016,0.0193
AMZN,Consumer Discretionary,1.2714,0.0048,0.0572,0.7374,0.4236,9.2722,0.0186,0.2228
HD,Consumer Discretionary,0.9559,-0.0005,-0.0057,-0.1011,0.4415,9.6175,0.0099,0.1188
MCD,Consumer Discretionary,0.4832,0.0032,0.0382,0.7575,0.2013,5.431,0.0084,0.1011
PG,Consumer Staples,0.3538,0.002,0.0237,0.4507,0.1103,3.8076,0.0058,0.0698
KO,Consumer Staples,0.4115,0.0033,0.0395,0.8029,0.1607,4.7324,0.0078,0.0931
WMT,Consumer Staples,0.4981,0.0086,0.1035,1.8246,0.1745,4.9732,0.014,0.1683
XOM,Energy,0.7472,0.0018,0.0211,0.2482,0.1749,4.9796,0.0099,0.1184
CVX,Energy,0.8583,0.0012,0.0144,0.1751,0.2311,5.9301,0.0105,0.1261
CAT,Industrials,1.2284,0.0104,0.1249,1.4681,0.3635,8.1745,0.0237,0.2849
HON,Industrials,0.964,-0.002,-0.0238,-0.4512,0.4772,10.3347,0.0085,0.1017
UNP,Industrials,1.0208,0.0005,0.0059,0.1066,0.4841,10.4776,0.0116,0.1388
GOOGL,Communication Services,1.0693,0.0081,0.0974,1.4331,0.404,8.906,0.0197,0.2366
VZ,Communication Services,0.3083,-0.0002,-0.0025,-0.0419,0.0683,2.9297,0.0031,0.0376
NEE,Utilities,0.41,0.0066,0.079,1.1709,0.0919,3.442,0.011,0.1324
DUK,Utilities,0.2806,0.0033,0.0397,0.7749,0.0761,3.1034,0.0064,0.0762
SHW,Materials,1.0516,0.0011,0.013,0.1979,0.4112,9.0398,0.0125,0.15
AMT,Real Estate,0.526,0.0003,0.0033,0.0476,0.134,4.254,0.006,0.0718
