ticker,sector,alpha_ff3,alpha_ff3_ann,t_alpha_ff3,beta_mkt,beta_smb,beta_hml,r2_ff3
AAPL,Information Technology,0.0101,0.1208,1.8323,1.1367,-0.2228,-0.4664,0.4772
MSFT,Information Technology,0.0069,0.083,1.6928,1.0117,-0.6286,-0.5335,0.5838
NVDA,Information Technology,0.0294,0.3524,3.0424,1.7757,-0.2233,-1.0038,0.4465
JPM,Financials,0.005,0.0605,1.3924,1.0709,0.0558,0.8268,0.7121
BAC,Financials,0.0004,0.0048,0.1049,1.3199,0.1301,0.9832,0.7722
JNJ,Health Care,0.0024,0.0286,0.5593,0.4714,-0.2572,0.295,0.2156
UNH,Health Care,0.005,0.0596,0.6681,0.6718,0.0007,0.2423,0.149
PFE,Health Care,-0.0048,-0.0581,-0.8273,0.5406,-0.3139,0.1695,0.1385
AMZN,Consumer Discretionary,0.0047,0.0559,0.8421,1.2806,-0.108,-0.9418,0.5933
HD,Consumer Discretionary,-0.0001,-0.0015,-0.0268,0.9384,0.1032,0.124,0.4492
MCD,Consumer Discretionary,0.0017,0.0209,0.4244,0.5528,-0.3655,0.2429,0.267
PG,Consumer Staples,-0.0004,-0.0051,-0.1024,0.4709,-0.632,0.1292,0.2288
KO,Consumer Staples,0.0007,0.0089,0.2032,0.5348,-0.6525,0.3561,0.3549
WMT,Consumer Staples,0.0071,0.0847,1.5158,0.5752,-0.4286,-0.1142,0.2276
XOM,Energy,0.0016,0.0194,0.2754,0.7495,0.0551,1.1127,0.4538
CVX,Energy,0.001,0.0122,0.175,0.863,0.0366,1.0227,0.4665
CAT,Industrials,0.0114,0.1369,1.6473,1.1776,0.3071,0.4808,0.4147
HON,Industrials,-0.003,-0.036,-0.6979,1.0124,-0.2451,0.3154,0.5193
UNP,Industrials,0.0012,0.0145,0.2637,0.9848,0.2092,0.2103,0.5078
GOOGL,Communication Services,0.0072,0.0864,1.2896,1.1154,-0.2718,-0.3181,0.4416
VZ,Communication Services,-0.0024,-0.0287,-0.5043,0.4139,-0.5579,0.3196,0.1801
NEE,Utilities,0.0061,0.0731,1.0745,0.4348,-0.1461,-0.1775,0.1097
DUK,Utilities,0.0019,0.0231,0.4645,0.347,-0.3457,0.2863,0.1598
SHW,Materials,0.0016,0.0195,0.2948,1.0245,0.1625,0.2329,0.4304
AMT,Real Estate,-0.0013,-0.0156,-0.2244,0.6039,-0.4346,-0.1454,0.1749
