date,mkt_rf,smb,hml,rf,msci_world
2016-09,0.0027,0.0209,-0.0121999999999999,0.0002,0.0028984920256722724
2016-10,-0.0200999999999999,-0.0441,0.0409999999999999,0.0002,-0.021194720521666932
2016-11,0.0486,0.0559999999999999,0.0832,0.0001,0.016732289265989575
2016-12,0.0181,0.0013,0.035,0.0003,0.020766989281210346
2017-01,0.0194,-0.0116,-0.0274,0.0004,0.027777961257651862
2017-02,0.0355,-0.0213,-0.0152,0.0004,0.02622818109726066
2017-03,0.0017,0.0113,-0.0333,0.0003,0.01024931185666711
2017-04,0.0108,0.0068,-0.0208,0.0005,0.01682294622520164
2017-05,0.0107,-0.0250999999999999,-0.0382,0.0006,0.020838195263628956
2017-06,0.0079,0.0222,0.0151,0.0006,0.004014719820756296
2017-07,0.0187999999999999,-0.0144999999999999,-0.0023,0.0007,0.024275282036275714
2017-08,0.0018,-0.0167,-0.0213,0.0009,0.0008504432345151081
2017-09,0.0249,0.0445,0.0315,0.0009,0.02112924884699363
2017-10,0.0226,-0.0192999999999999,0.0013,0.0009,0.02128669904446956
2017-11,0.0312,-0.006,-0.0009,0.0008,0.019562436453097742
2017-12,0.0106,-0.0132,0.0005,0.0009,0.01571923411165188
2018-01,0.0558,-0.0316,-0.0132,0.0011,0.05186665156346271
2018-02,-0.0364,0.0027,-0.011,0.0011,-0.043590677223711904
2018-03,-0.0235,0.0405,-0.0021,0.0012,-0.017035349490634455
2018-04,0.0027,0.0109,0.0053,0.0014,0.007460352438565021
2018-05,0.0266,0.0524,-0.0314,0.0014,0.0066073942215665316
2018-06,0.0049,0.0111,-0.0233,0.0014,0.0015373899278678937
2018-07,0.032,-0.0222,0.0046999999999999,0.0016,0.03007071056201216
2018-08,0.0345,0.0116999999999999,-0.0393,0.0016,0.011433320336511787
2018-09,0.0006,-0.0229,-0.0168,0.0015,0.007462637151616658
2018-10,-0.0765,-0.0467,0.0343,0.0019,-0.07135070680583888
2018-11,0.0171,-0.0072,0.0034,0.0018,0.011260813769248257
2018-12,-0.0955,-0.0233,-0.0187999999999999,0.0019,-0.07641225701557719
2019-01,0.0837,0.0273,-0.004,0.0021,0.07721561429456147
2019-02,0.0342,0.0204999999999999,-0.0266,0.0018,0.029778880940957597
2019-03,0.011,-0.0306,-0.0416,0.0019,0.014858845717849789
2019-04,0.0397,-0.0169,0.0213,0.0021,0.03716611903108591
2019-05,-0.0692,-0.0121999999999999,-0.0236,0.0021,-0.05787815586461409
2019-06,0.0699,0.001,-0.0072,0.0018,0.06340550518800714
2019-07,0.0123,-0.0196,0.005,0.0019,0.00922849753127819
2019-08,-0.0255,-0.0239,-0.0476999999999999,0.0016,-0.021989886285833316
2019-09,0.0141,-0.0097,0.0676,0.0018,0.02159401919878423
2019-10,0.0207,0.0027,-0.0192,0.0015,0.025495605377825692
2019-11,0.0387,0.0072,-0.02,0.0012,0.02804952464688193
2019-12,0.0277,0.0076,0.0173,0.0014,0.030479078442384067
2020-01,-0.0011,-0.031,-0.0622,0.0013,-0.010629657438441908
2020-02,-0.0815,0.0108,-0.0382,0.0012,-0.08247210498509783
2020-03,-0.1336999999999999,-0.0469,-0.1383,0.0012,-0.13092470893876784
2020-04,0.136,0.025,-0.0134,0.0,0.10817412981586472
2020-05,0.0557,0.024,-0.05,0.0001,0.05025489660770144
2020-06,0.0245,0.0266999999999999,-0.0217,0.0001,0.026179652422027466
2020-07,0.0583,-0.0235,-0.0144,0.0001,0.04894718555183841
2020-08,0.0762,-0.002,-0.0302,0.0001,0.06528724692568355
2020-09,-0.0364,0.0006,-0.0272,0.0001,-0.03341126862229871
2020-10,-0.0208,0.0434,0.0425,0.0001,-0.030043953924800415
2020-11,0.1245,0.0581,0.0209,0.0001,0.1285612769047848
2020-12,0.0463,0.0501,-0.0168,0.0001,0.03932239168456242
2021-01,-0.0007,0.0713999999999999,0.0322,0.0,-0.008184466367952004
2021-02,0.0281,0.0202,0.072,0.0,0.024935049970401968
2021-03,0.0317,-0.0233,0.0735,0.0,0.03693002224463271
2021-04,0.0495,-0.0319,-0.0102,0.0,0.04321025018618996
2021-05,0.003,-0.002,0.0704,0.0,0.01609922171130873
2021-06,0.0274,0.017,-0.0786,0.0,0.01572311274254745
2021-07,0.0134,-0.0393,-0.018,0.0,0.017855820986032223
2021-08,0.0294,-0.0032,-0.0023,0.0,0.02476144365920807
2021-09,-0.044,0.0066,0.0512,0.0,-0.04211494836465146
2021-10,0.0663,-0.0226,-0.0053,0.0,0.05835824023937253
2021-11,-0.0158,-0.0131,-0.0037,0.0,-0.02047215169238803
2021-12,0.0323,-0.0163,0.0325,0.0001,0.04015541888193197
2022-01,-0.0616,-0.0593,0.1286,0.0,-0.0517292761541952
2022-02,-0.0227999999999999,0.0216,0.0306,0.0,-0.029145844064754844
2022-03,0.0308,-0.0155,-0.019,0.0,0.028736577308855482
2022-04,-0.0941,-0.0135,0.0617999999999999,0.0,-0.08380143403017604
2022-05,-0.0034,-0.0184,0.0843999999999999,0.0003,0.004428545087701297
2022-06,-0.084,0.0207,-0.06,0.0006,-0.08593959020198749
2022-07,0.0957,0.0286,-0.0412999999999999,0.0008,0.0813062766304562
2022-08,-0.0377,0.0141,0.0018,0.0019,-0.045773214219707925
2022-09,-0.0934,-0.0076,0.0003,0.0019,-0.0936706095850911
2022-10,0.0785,0.0001,0.0797,0.0023,0.07473738959360987
2022-11,0.0465,-0.0356999999999999,0.0148,0.0029,0.07466016104085194
2022-12,-0.0638,-0.0076,0.0134,0.0033,-0.04666019521023124
2023-01,0.0661,0.0501,-0.0394,0.0034999999999999,0.07102971771184596
2023-02,-0.0256999999999999,0.0105,-0.008,0.0034,-0.025895066785415644
2023-03,0.0248,-0.0548,-0.0905,0.0036,0.032374005051751586
2023-04,0.0062,-0.0337,-0.0012,0.0034999999999999,0.01801647550663854
2023-05,0.0034,0.016,-0.0779,0.0036,-0.009934097529195718
2023-06,0.0646,0.0149,-0.0013,0.004,0.06008361523667505
2023-07,0.0321,0.0204999999999999,0.0406,0.0045,0.032284082639177036
2023-08,-0.0236,-0.0313,-0.0115,0.0045,-0.02209429641336591
2023-09,-0.0523,-0.025,0.015,0.0043,-0.04399362713532806
2023-10,-0.0315,-0.0387,0.0022,0.0046999999999999,-0.025463914587077308
2023-11,0.0888,-0.0011,0.0166,0.0044,0.09111087929155959
2023-12,0.0484999999999999,0.0628,0.0487,0.0043,0.049571061181856946
2024-01,0.0073,-0.0504,-0.0237,0.0046999999999999,0.008870607444184886
2024-02,0.0507,-0.0026,-0.0343,0.0042,0.04530574437407875
2024-03,0.0283999999999999,-0.025,0.0416,0.0043,0.033005420698015264
2024-04,-0.0465,-0.0237999999999999,-0.0045,0.0046999999999999,-0.039610945077209636
2024-05,0.0433,0.0053,-0.0133,0.0044,0.046993038287597155
2024-06,0.0279999999999999,-0.03,-0.0336,0.0040999999999999,0.020449621876413415
2024-07,0.0121999999999999,0.0681,0.0557,0.0045,0.01681473453351434
2024-08,0.016,-0.0349,-0.0113,0.0048,0.028072201255331386
2024-09,0.0172,-0.0013,-0.0273,0.004,0.01770662527464384
2024-10,-0.01,-0.0095,0.0091,0.0039,-0.020266306302012427
2024-11,0.0649,0.0449,0.0038,0.004,0.04820132774995778
2024-12,-0.0317,-0.027,-0.0297,0.0037,-0.028372927463034325
2025-01,0.0279999999999999,-0.02,0.0176,0.0037,0.03318343431355242
2025-02,-0.0243999999999999,-0.0576999999999999,0.0484,0.0033,-0.004108167665145213
2025-03,-0.0639,-0.0272,0.0287,0.0034,-0.04262510857232249
2025-04,-0.0084,-0.0056999999999999,-0.0329,0.0034999999999999,0.007181192110081058
2025-05,0.0605999999999999,0.0060999999999999,-0.0281,0.0038,0.05852996418518508
2025-06,0.0486,0.0070999999999999,-0.0143,0.0034,0.04515618421935219
2025-07,0.0197999999999999,0.003,-0.0134,0.0034,0.01015464732315774
2025-08,0.0184,0.038,0.0437,0.0038,0.02793693040031342
2025-09,0.0339,-0.0183,-0.0105,0.0033,0.03229467931901042
2025-10,0.0196,-0.0056999999999999,-0.0318,0.0037,0.019112131853120884
2025-11,-0.0013,0.004,0.0375999999999999,0.003,0.0034048350934692273
2025-12,-0.0036,-0.0104,0.024,0.0034,0.008688715712501294
2026-01,0.0103,0.0218,0.038,0.003,0.02077833935352391
2026-02,-0.0116999999999999,0.0016,0.0279999999999999,0.0028,0.00638086434093843
2026-03,-0.0518,0.0044,0.0329,0.0029,-0.05669670683899819
2026-04,0.0994999999999999,0.0019,-0.0137,0.0029,0.09182315266652719
2026-05,0.0491,-0.0159,-0.0231,0.0031,0.042635347820211944
2026-06,-0.0107,0.0339,0.0358,0.0029,-0.004561851275103446
2026-07,-0.006,-0.0196,0.0210999999999999,0.0033,0.0036024266173402264
