ticker,sector,market_cap,value_weight,download_date
AAPL,Information Technology,4913422663680,0.17338215975259677,2026-10-08
MSFT,Information Technology,3933757243392,0.13881226458358406,2026-10-08
NVDA,Information Technology,5734188187648,0.20234488267239964,2026-10-08
JPM,Financials,876084985856,0.03091480570099581,2026-10-08
BAC,Financials,374251913216,0.0132063959171654,2026-10-08
JNJ,Health Care,622838284288,0.021978375217892386,2026-10-08
UNH,Health Care,337477697536,0.011908727596274237,2026-10-08
PFE,Health Care,159590858752,0.005631554551928014,2026-10-08
AMZN,Consumer Discretionary,2803578699776,0.09893114500340448,2026-10-08
HD,Consumer Discretionary,285109747712,0.0100607961513738,2026-10-08
MCD,Consumer Discretionary,163380281344,0.005765273614623947,2026-10-08
PG,Consumer Staples,343337435136,0.012115502797638771,2026-10-08
KO,Consumer Staples,369244766208,0.013029706464238186,2026-10-08
WMT,Consumer Staples,860745826304,0.030373525865337724,2026-10-08
XOM,Energy,674559164416,0.023803473222830038,2026-10-08
CVX,Energy,402422923264,0.01420047904391113,2026-10-08
CAT,Industrials,374097215488,0.013200937028723393,2026-10-08
HON,Industrials,65958383616,0.002327503206607339,2026-10-08
UNP,Industrials,163180658688,0.0057582294400023186,2026-10-08
GOOGL,Communication Services,4286592319488,0.151262914917862,2026-10-08
VZ,Communication Services,190164074496,0.006710405393615353,2026-10-08
NEE,Utilities,160745472000,0.005672297909933219,2026-10-08
DUK,Utilities,90055606272,0.0031778327618113837,2026-10-08
SHW,Materials,76468813824,0.002698389493851171,2026-10-08
AMT,Real Estate,77433241600,0.0027324216913993944,2026-10-08
