date,AAPL,MSFT,NVDA,JPM,BAC,JNJ,UNH,PFE,AMZN,HD,MCD,PG,KO,WMT,XOM,CVX,CAT,HON,UNP,GOOGL,VZ,NEE,DUK,SHW,AMT
2016-09,0.06550431307515736,0.002436437343643183,0.11705262377398817,-0.013481695831125573,-0.030360010598388776,-0.010138924817182482,0.03378542044034405,-0.026724232375324175,0.08860318280928281,-0.04056055356690169,-0.002593481594911906,0.02794645675471097,-0.017597090968448525,0.0095186440421271,0.0016063309208924625,0.02326483742867369,0.08322155229601913,-0.0010278266083425525,0.02093558227280945,0.01799079017577143,-0.006688509747517002,0.011410815591946344,0.004770565595187071,-0.024849195514952127,0.004466592210301101
2016-10,0.004334394835850963,0.0402776581339821,0.03852878054896558,0.047656805530316815,0.054313373092923056,-0.018115580545304266,0.00950013340804623,-0.06377332842192263,-0.05671734948914742,-0.05183368041005754,-0.024185399700426213,-0.025402412858637646,0.0018899161335890202,-0.029118077154887567,-0.04537113909270374,0.017780681681142996,-0.0515180844155948,-0.054255051404987875,-0.0958678182009165,0.007263185663405336,-0.06409061637791769,0.04643559761523197,-0.0002501010738754639,-0.1149425631177543,0.03405986064645705
2016-11,-0.02160099645033675,0.012468335716967038,0.2976110989032452,0.15752256105091278,0.28474908203564464,-0.03380383097307549,0.12467513420899423,0.023669147215077624,-0.04969490440267099,0.06620023096212391,0.06775757980031027,-0.0500001259841365,-0.04030373466358417,0.00585553576626352,0.057045389568964655,0.07567409520429469,0.14497914741540008,0.044983689032649155,0.15597654881801093,-0.042005108859251905,0.03742180596329403,-0.10073641123576493,-0.06760606201511565,0.10071897869425728,-0.1273146137847021
2016-12,0.04795516802418187,0.031198291379164855,0.157700915316201,0.0763379309118497,0.04640152974424594,0.0351302735171124,0.010863673741899893,0.010578599918271703,-0.0009326204826228812,0.0361668898848837,0.02054163684643462,0.01964641492501107,0.02750910984228505,-0.011576263254807206,0.03390599215216916,0.055037757670589826,-0.02951017328466632,0.016762912531574026,0.02319176911194365,0.021356383855237304,0.06973999954173982,0.04578478494345717,0.05218940454411003,0.00026052422498468175,0.038996009151478495
2017-01,0.047746551153574845,0.04039258706083304,0.0228594197820724,-0.013811132932111447,0.024434095941245015,-0.017012385489658333,0.01287216741535202,-0.023090752800685954,0.0981636831579693,0.02610346992125745,0.006983380285700225,0.05012181272468541,0.0026537823224275225,-0.03443273961728688,-0.07057387052659703,-0.05395100790898266,0.04004432060275365,0.021320866952940554,0.02797084727310728,0.03500531398172502,-0.07204986299257954,0.0356607133795912,0.011852468360665558,0.13049794327836994,-0.02062821765610412
2017-02,0.1337776738709946,-0.004363857321171616,-0.06935284595565272,0.07077880840033446,0.09010619912887541,0.0862577350068261,0.020234697640730603,0.08627782598668476,0.026181549535707394,0.05327843982788849,0.04911093172507952,0.03961169919545737,0.009382044225250574,0.06278072153841885,-0.02177141905382063,0.019998955360268855,0.01045405782983222,0.057872003392082316,0.018535317023741005,0.03016369236686689,0.012650602252519905,0.06696222647079653,0.06269951802196583,0.01833902851259417,0.10908174861861686
2017-03,0.0486899368557725,0.029384124283567736,0.07341365021539126,-0.03067770268692005,-0.041251654042505415,0.0191469860638811,-0.004587612577626743,0.0026379310470292516,0.049110120630820875,0.019416144851438055,0.015354688344789702,-0.013395741668653982,0.020366627566101192,0.023685552684667543,0.008485147089060341,-0.045599960169393605,-0.04034782605334608,0.00297186878512945,-0.018713980990830992,0.0033969063312535575,-0.017731115005828135,-0.020076463921017362,-0.006541295564678529,0.0053481133859183405,0.05880348795258539
2017-04,-6.970355629609681e-05,0.039477988907061556,-0.042504789517041064,-0.00387165035779391,-0.010597989233342542,-0.008671027787710561,0.06627657311058943,-0.00847696123117303,0.043370871588667814,0.06313414855940724,0.07962343235676395,-0.02060475357350089,0.01672920813603862,0.043007592855117016,-0.00438985566617367,-0.006240393316367165,0.11157175874344127,0.050212188160604576,0.05702416446204617,0.09049287211376278,-0.04701991803772476,0.0404302402605865,0.005974816107785275,0.07895145675701065,0.04148932964174201
2017-05,0.06780696290442534,0.02600503732206705,0.3854465637704527,-0.055746998140757786,-0.036691994374326464,0.045602283722810055,0.001715436029924966,-0.028124095585087105,0.0752764613149639,-0.01090925752863292,0.07832474857993366,0.008702766008170215,0.05376629195857996,0.05248716379060836,-0.004774448585259328,-0.02031244052921466,0.030999724890157676,0.019241383038009152,-0.009363584345587928,0.06767844267303813,0.015900576257370735,0.0664794627158467,0.04933914338000056,-0.006187415123605655,0.04168674505737102
2017-06,-0.057213725347617816,-0.013029711314161085,0.0014548572392829584,0.11259871108828001,0.08255211847351807,0.03150086292465071,0.06282540072134646,0.028790138036829838,-0.026763939876424114,-0.0007163969163135331,0.021407256186482426,-0.010670874836396171,-0.0055182855256565855,-0.037149848588865275,0.0028575020437617837,0.00821370541296984,0.019254505581016046,0.0022557451317408717,-0.012601741832365732,-0.058160820903004895,-0.04245289470451974,-0.009261336846021706,-0.02439308275839991,0.05784124173965566,0.01358445255223728
2017-07,0.03270397133363501,0.054692716242060735,0.12416993967081957,0.009900852246134573,-0.005770701766182107,0.003250363609993423,0.034462227575296156,-0.012801423057532957,0.020433850865833936,-0.024771909836492467,0.01292790532652388,0.050287282575379955,0.022073636371139127,0.05695010419382318,-0.008547017626909237,0.04658320820625783,0.06804864306831448,0.021232356696060606,-0.05463221261867801,0.01701649340606748,0.09795700027223986,0.04253165089590705,0.01830370635488765,-0.03900746104738073,0.0303052225995859
2017-08,0.10699942995834455,0.03395284168984336,0.04356141076217912,-0.009912594817622855,-0.004469343509752921,0.0037073988547704495,0.036963293472806136,0.032911119000849975,-0.007268848531284733,0.007729133620083983,0.037250648276375475,0.015965624609347362,-0.006326370966278971,-0.017863866484516322,-0.03710862954953653,-0.004475553347346506,0.03106613178317863,0.020734102751631234,0.02867974563791087,0.010301365863687906,-0.008883992551676712,0.03701312182387606,0.0362249238614063,0.00850762410291206,0.08596777674222777
2017-09,-0.0602439382748009,-0.0037446316510917343,0.0550637739242843,0.05083040308279352,0.06069470313535019,-0.017829110012816285,-0.011597364244354313,0.052476167817550046,-0.019630792069039726,0.09134607631695713,-0.02056645038064764,-0.013980846134487135,-0.003992778089902949,0.0008966126179241751,0.07402108001351393,0.09180425149428117,0.0614522371491526,0.025095748744540458,0.10132991606416386,0.019345935199204245,0.03168595808947616,-0.026310178003304596,-0.038717085282886976,0.05532468066069973,-0.07225396873891754
2017-10,0.09680778537052293,0.11666024297112165,0.15684961703507305,0.05955559034821678,0.08090005630565389,0.07230228447008757,0.07337244631418116,-0.017927281266771677,0.14971651762490512,0.013572684807481972,0.0652922270836871,-0.04388900121202233,0.0215510713729683,0.11735330794406718,0.016711305622988837,-0.01370214298124972,0.09542134506022637,0.017073879034514183,-0.0015522293295101575,0.06092115129674336,-0.021129457362485837,0.058137206364715865,0.052311623125104845,0.10364752710842606,0.051140832481309184
2017-11,0.020277603958938517,0.016983439381487386,-0.02882151321831028,0.03886272401654378,0.03285997423123743,0.005546317444863336,0.08905145175482132,0.04367772638262646,0.0646623767888812,0.09018570988594266,0.03645797805181794,0.042274863314155864,0.0035935850688213478,0.11361849372267652,0.008528249397266707,0.03636095435795528,0.03939611350618777,0.08738794226618474,0.09864488145871064,0.00302983038675797,0.06308736828701411,0.025605990921794497,0.019872402084014418,0.013037060657351773,0.0018102639963264444
2017-12,-0.01524591427536548,0.016276620729436253,-0.03592240144841585,0.023153263201057595,0.04792335265550718,0.002799116242839572,-0.03379032588098718,-0.0011030669153719863,-0.006186568401839843,0.053998660439249946,0.0008721796731601117,0.021002190392779507,0.0024038969927249187,0.02098541874747939,0.0042018284201637,0.05210527158500544,0.11640060405329744,-0.01667139607503365,0.06007885815563352,0.016628596616287128,0.04008665329898142,-0.011705253660171167,-0.056851307160691866,0.0265885705196669,-0.003805664054206903
2018-01,-0.010636451780215439,0.11070848358672314,0.27028416296247304,0.08726904541259506,0.08401075938290958,-0.010950363214183079,0.07402665296746025,0.02263905046313508,0.24063897541810575,0.05999035362322558,-0.005693725713171505,-0.053132213676643,0.03727072096110606,0.0794933722163309,0.04375913951892607,0.0012780922599457956,0.037794175357510174,0.041145459301283216,-0.004474204984084462,0.12228979806139928,0.03317318273334369,0.014277340055730559,-0.06669866851068917,0.01724249593112437,0.035256329590934055
2018-02,0.06818525023422195,-0.008415140980300051,-0.014847497330992887,-0.001469494075490685,0.003125169917685522,-0.054116294073491056,-0.04485171868301274,-0.010626298184301164,0.04242906360200127,-0.09273276849544387,-0.07246715849141283,-0.09057207069600715,-0.0918254562382439,-0.15562825389644852,-0.12354524669131417,-0.09825169492259322,-0.050067941018720585,-0.04901169644049541,-0.01918583780360661,-0.06623139178036286,-0.11707063833219433,-0.03270712462901315,-0.028803131372098778,-0.0351523088713358,-0.056669083778002505
2018-03,-0.0580509263994623,-0.026660680221764266,-0.043016718921946695,-0.04787890282255791,-0.06222612823183815,-0.013319892618635976,-0.05063405168126445,-0.022583160598708685,-0.04304936888568922,-0.016533252501236384,-0.008621714091119448,0.00967902389783526,0.013728980096788357,-0.005661177069062662,-0.014919559332563503,0.018942071731278487,-0.04688558955460165,-0.04367664445808872,0.03209209624504217,-0.06049356470663014,0.0016759600839284516,0.07348005874313035,0.028272283077930283,-0.023556989709660026,0.04313529586464315
2018-04,-0.015019584038303502,0.024651838111424462,-0.02888726451950696,-0.005804657069493513,-0.0023344920205494724,-0.012953703543650774,0.10467260898701825,0.031557960987600886,0.08207479647163018,0.03680447633828199,0.07072488555882339,-0.07909446181472413,-0.00506600185926509,-0.005732239122862692,0.04208566354753929,0.09707121123321083,-0.015559821950823838,0.0011762218274511405,-0.005950962071518018,-0.017895472581633265,0.044980013135853314,0.00355081029710691,0.03472296100764405,-0.062378897008152245,-0.05684624014603212
2018-05,0.13512359204835023,0.06146707431663079,0.12203617234360475,-0.01627175408401116,-0.025445848221676504,-0.04729860353871507,0.02161598185200897,-0.008993776503580464,0.04053941088038626,0.015121401435213233,-0.04437389281928106,0.011473781990476661,-0.004859893743479171,-0.061044657936005886,0.05547853041605655,0.0021890527724686137,0.05229969570299242,0.027513209496607516,0.0737643234883274,0.07993498015786304,-0.03404268389822673,0.011591920605916517,-0.026023789637179218,0.03385678822743343,0.014740151603169993
2018-06,-0.009417783496684318,-0.0023268962844572583,-0.060628744062271256,-0.02625903473481428,-0.029269990556881842,0.014378744489686346,0.01945185953421591,0.009741135996282901,0.043065192317739864,0.04583234145423054,-0.01452830452601983,0.06683072742433493,0.02908437330018221,0.03767886421750655,0.01834060733436127,0.017136264729026518,-0.10690514202812329,-0.026096881592667764,-0.007565025321968344,0.026536377879959216,0.05538109793222068,0.014261122075879262,0.024883123898461035,0.07467401387483563,0.04773933699968258
2018-07,0.0279833382238317,0.0757529398390615,0.03360045538057688,0.1091619889020814,0.0954234974139454,0.092137733551243,0.03211871076414807,0.10060675573822664,0.04567600755093726,0.012403683085311812,0.005424520155889345,0.0455297679504123,0.06315539457940567,0.04179790300157493,-0.01474684312377772,-0.001265727750887402,0.06642360937541403,0.10829577548053626,0.057947588111197934,0.0868144145594334,0.03833601304675205,0.0030535225630810015,0.03211953598572914,0.08135991389616515,0.028230827396181102
2018-08,0.20042194703649274,0.06299315150434648,0.14691482556709157,-0.003218763607173769,0.0016193405924878057,0.023148199916704693,0.06018472500210703,0.04867312366079002,0.13236448128539746,0.021664528475540124,0.036198550975616195,0.025593560900823542,-0.0441777640592087,0.08054212971768626,-0.006294660422439757,-0.052856986018276375,-0.03442290790142666,0.0011736308187997313,0.010229042220617268,0.0037319416081427192,0.052866167741448145,0.02193090742439563,0.0067568792339725015,0.0357245846501848,0.005935935235723555
2018-09,-0.00830282339125743,0.01816054174217352,0.0012111661599514267,-0.015185963247928203,-0.04292244623103314,0.025837263491576667,-0.0056704227405228735,0.06141639039995739,-0.004824306834253944,0.03177749574162525,0.031190244414183166,0.0033749863254277646,0.045162628667768434,-0.020342262704056813,0.06049633879035832,0.032246932072624634,0.09823564998388079,0.04614620564173988,0.08106471435954754,-0.020068014897024478,-0.01802480272350493,-0.014697374827816079,-0.015016532628588264,-0.0008120599430219144,-0.020239788572360307
2018-10,-0.030477560078422172,-0.06610127233540597,-0.24976858013129266,-0.0270877656374221,-0.06653090653009464,0.01317203040953463,-0.017629086891219448,-0.022918019187525784,-0.20219175018307878,-0.15095328038620004,0.057445056245712944,0.0748964453965324,0.03658813285381113,0.06783085805593281,-0.06280859801813643,-0.0869313175673414,-0.1993365263541066,-0.09195760676725884,-0.10200850021977548,-0.0965139914299794,0.0811501484290269,0.029236515241705785,0.03261672371847024,-0.1356299027772181,0.07233277877871802
2018-11,-0.18119762484819602,0.04268380803810046,-0.22405022866200397,0.019905104429738696,0.03272749685960896,0.05604336516220343,0.08000409922948548,0.08190263630683936,0.05767175245241973,0.031377217529956036,0.0722021679444218,0.065741831884361,0.06095521955901484,-0.02622660598323001,0.007855174275303023,0.07570412040292496,0.11828229000383073,0.01899026466384801,0.05726862988149395,0.01748609134748569,0.05622723046771383,0.05999928908234686,0.08352165322968763,0.08000897495512516,0.055708990718154716
2018-12,-0.11669832017588422,-0.08404753292560263,-0.18313619731539876,-0.12204363879034219,-0.12754582223896904,-0.12151128926458776,-0.11458641296888683,-0.0558074353296476,-0.11134970006404432,-0.047138410848108436,-0.05803387527532955,-0.02740452005266336,-0.060516026994807626,-0.040877260196061416,-0.1422639588686786,-0.08533684767139682,-0.06338890236443029,-0.09969313847118788,-0.10111880595455969,-0.058297701534686275,-0.0676618998997478,-0.04342076093354641,-0.025629212040920946,-0.07218190961578641,-0.03301123068021983
2019-01,0.05515390794229913,0.028158255316810932,0.0767787296933915,0.06884391916693722,0.15543849305632396,0.03122817883764517,0.08461840841866497,-0.01899820108842165,0.14431709005232074,0.06815244075318416,0.006814092099572733,0.05780035657846749,0.01647308307941797,0.028770941649547854,0.07464415519691547,0.05386530854333427,0.054667640266086615,0.08711779554316057,0.1507633627742353,0.07744794948124167,-0.010411538639374052,0.02968606735766488,0.017149015274205537,0.07131618651885407,0.09261009708962753
2019-02,0.044776374812995456,0.0773574786926714,0.07421893676063118,0.008309019155769093,0.02664077864743364,0.033560455003508904,-0.10355335522186038,0.02120150451802294,-0.04590598487961817,0.008772382043780391,0.03484958543506744,0.021561010907490408,-0.057967803603061085,0.03297473512088711,0.09043925729864188,0.05348492692186224,0.031391177910498946,0.0784075037964469,0.05973387175455924,0.0005861885655535914,0.03378123960741086,0.05584360161422586,0.03210829860936326,0.030356917047869914,0.019150743958258998
2019-03,0.09702575429110971,0.052753734557892784,0.16400880959922226,-0.029992357987584817,-0.051237698460618875,0.02305328420674635,0.024703901997011002,-0.02030009143573286,0.08593570731353273,0.04417724663579192,0.03296377534906281,0.05580948777603689,0.04254691112099418,-0.009447574913831747,0.022397022234469155,0.030105220010654632,-0.013470268218206072,0.03147897909296571,-0.0029818404852152147,0.04468516959222324,0.038826283571479436,0.029831934543845806,0.0037920035666816343,-0.005747627832170199,0.11870566005122485
2019-04,0.056435959344332653,0.10734301425978554,0.008019762338403291,0.1551714738181158,0.10837243755711401,0.010086632941280316,-0.05738872193274969,-0.04379551027184492,0.08185874546916994,0.06154538112729879,0.040389339245161526,0.030578200681472767,0.046948419557850674,0.054444786600677864,-0.006435924481618227,-0.025328654195155842,0.035242878356609886,0.09256238791111904,0.05885172052288379,0.018752932691898705,-0.0228439814389636,0.005793325579587227,0.012444439780643801,0.05600029006566021,-0.004376209263642461
2019-05,-0.12421279294897558,-0.04948099620049784,-0.2507480555662548,-0.08694527780716332,-0.1301506145147212,-0.06482050248363014,0.03745625543951836,0.03147612218031148,-0.07861319674779288,-0.06799222260317228,0.009420155219188597,-0.033527364734003196,0.0014269195854506034,-0.008373642201692455,-0.10835580734919403,-0.04239431039282049,-0.1406541451622365,-0.0490723379876723,-0.05302165960881444,-0.07711679687151207,-0.04965923431881514,0.025834739006534768,-0.05031525756013733,-0.07536279024861314,0.06897075239149175
2019-06,0.13051909215399182,0.08311799730051628,0.2123874426562513,0.05511508263438447,0.09611670382705295,0.061990234076738204,0.013608612245637364,0.04335277905814472,0.06679174655008091,0.10312759715445052,0.04735971329128086,0.065494153897939,0.0445245368608338,0.08921530229704566,0.08280354343078766,0.09301735011006906,0.13755116145835333,0.06256517898644187,0.013970569294178281,-0.021418986075368962,0.05115005311590326,0.03355000965270816,0.030720748774433426,0.09259770589135052,-0.016466302249830922
2019-07,0.07639450214488552,0.017243737840928697,0.0273397208164341,0.0449124366325957,0.05793134079565898,-0.06504881816722663,0.020491005068244528,-0.10341649609665415,-0.014179183493694625,0.027504005228912387,0.014735822184662739,0.08348788118142259,0.033581973789010844,-0.0009954352412928635,-0.029622884970876173,-0.01068804353799302,-0.026464763394319357,-0.012200077663338638,0.06410040223517388,0.12504606578460775,-0.02237400974523629,0.011276142879453888,-0.017225849904197843,0.11946594013694245,0.035069815482747346
2019-08,-0.01646121613647511,0.015036807925511653,-0.006188880515077044,-0.052931068534708525,-0.10332480780526554,-0.006897079852468457,-0.06027876710062807,-0.07614343027091774,-0.048473822697145175,0.06654507424724665,0.03987541068978184,0.018552941595259442,0.04579152464776315,0.04024653261929223,-0.06762413817752166,-0.03395226879016766,-0.09622519474020563,-0.04066442483749577,-0.09442711600032427,-0.02271380018719471,0.05228873520915678,0.06342307115975299,0.08092084468653682,0.02897948520527871,0.08775146685775082
2019-09,0.07296157543606796,0.00848720127881264,0.039161704496865735,0.07127278317512831,0.06733029453942274,0.007946335738300725,-0.06690238790341341,0.010689128901157474,-0.022732743159706414,0.024250021561287083,-0.014956333310307213,0.0345170720420791,-0.0036694873845156684,0.03868401905086771,0.031104107604976505,0.0074755464603626365,0.061428548281611706,0.027821907408806412,0.00012391131333355787,0.025711200188750727,0.03782666640004417,0.06349267863910635,0.03364224422327822,0.043892080414799084,-0.035230554411764925
2019-10,0.11068439497332916,0.03121593952575563,0.15482291505663626,0.06993533924674389,0.07199213296989737,0.02055946564518507,0.16280154382448386,0.06790998881532495,0.023474701269111886,0.01103374891569775,-0.08388061047038675,0.00743986333368607,-0.00018383434319668712,-0.011965070903121822,-0.04305337157247302,-0.020742129906986095,0.09954220492818888,0.0208627704042208,0.021483977055961834,0.030840015197867388,0.012246698681512624,0.022962543791091194,-0.016690805655252494,0.04082783945162749,-0.01379301508066788
2019-11,0.07755439751056814,0.0594624243513584,0.0789967261479394,0.054754791966121985,0.06555787645499045,0.048489853968822993,0.10751882497628862,0.013611462019332166,0.013587301227403925,-0.05997960656413126,-0.0049499286602643355,-0.019677239874948294,-0.011594941506135159,0.015606505929750769,0.020447726645135056,0.018461755081380593,0.050290032499290094,0.03883276922550061,0.06946571681842983,0.035978736917073206,-0.003803587319173518,-0.013716444034500785,-0.0545164007452239,0.020843882000214364,-0.01857116762225719
2019-12,0.09878355625073554,0.041749329880441444,0.08563277473839692,0.05798424693474713,0.06279345247923795,0.060949782084988025,0.05445468563874689,0.017133912779753402,0.026121694264473083,-0.0033254417435238937,0.01609413451529962,0.023267182079460103,0.03651685737521637,0.0023766359655008618,0.024218221470116097,0.028856652205192512,0.0203831291655725,-0.008680919126470621,0.027274160460178942,0.027068512891385232,0.019256334035717915,0.035668323401790714,0.03447894875987956,0.0007029688802433487,0.07857211039678136
2020-01,0.05400993925149189,0.07945447954093177,0.0048023478398901975,-0.04440599974302917,-0.0678591326055692,0.020565916632589998,-0.07323651994804636,-0.03980573352452821,0.0870638027865227,0.04450964070568775,0.08278920429166803,0.003686188370280785,0.05510370531089137,-0.036603770759440546,-0.10977375238227993,-0.11094523322431826,-0.1043383883307839,-0.021356353682748686,-0.007578019037097206,0.06972605788212527,-0.021847024239949775,0.10753224881663348,0.0703872062495301,-0.045497718164338674,0.008354051039686006
2020-02,-0.11470134268992616,-0.045688126910777505,0.14296600466803921,-0.12277135762970448,-0.13189149528528066,-0.09090090799366968,-0.06419517781797046,-0.10257807322461299,-0.06221372013363058,-0.04498043195261503,-0.08685740158756416,-0.09139780557068133,-0.08407523548611096,-0.05948104286206246,-0.16003694872276397,-0.11862075615475576,-0.05413017212463678,-0.058724241800824806,-0.10405323057347682,-0.06527863293955216,-0.08882921395942389,-0.052647285732953186,-0.05158679088831297,-0.06987337829176021,-0.02131686786700293
2020-03,-0.06976154582807026,-0.02654138934973571,-0.02395654683371462,-0.2246147682830526,-0.2503347735865393,-0.024911109257454545,-0.017649126996316045,-0.023339199499186836,0.035020571318223226,-0.13716867063640636,-0.14842669481950554,-0.028526082939342,-0.16548731468335187,0.05983229777880972,-0.26185839333752015,-0.22369827703161038,-0.06600139302803432,-0.1750015739781131,-0.11745191060363569,-0.13238760094541413,-0.007939326152244908,-0.048029741946550186,-0.1179933912475899,-0.11074984085899908,-0.039902968580161846
2020-04,0.15537402926216903,0.1363259230200231,0.10880102035244321,0.0746985948417751,0.1328310824806569,0.1442078688022923,0.17278869488073,0.17524543787725277,0.2689001176660719,0.1773874334353358,0.13432124538024093,0.07869163859801676,0.03706221358501027,0.06979413239154653,0.22386087691508516,0.2696653687794035,0.012137721886588793,0.06061762336907983,0.1329407970194212,0.1589997716479561,0.08073421975042949,-0.03948117146428087,0.04673580400546706,0.1672399290827229,0.09756233714412033
2020-05,0.08509410932402628,0.025391343227004093,0.21465755095021555,0.016186151627138212,0.0029104653182150386,-0.001724739061416125,0.04232893126966908,0.005489922460171659,-0.012784941240091885,0.13032795671074382,1.1933287241694401e-05,-0.016543552469320377,0.01721488897292822,0.025139486166969593,-0.0025473245566340896,0.011372495560191043,0.03222210384753721,0.03541449193235713,0.0689850711073432,0.06446878544807522,-0.0012182391597342912,0.10574574182504493,0.023266138700531735,0.10979843634690889,0.08474824093425459
2020-06,0.1473861783983561,0.1105591286523746,0.07059698140877613,-0.033398545767055254,-0.008472863443596546,-0.054588367845394226,-0.028307614016326976,-0.1437551288813188,0.12956672853391127,0.014189516858329032,-0.00992894475200179,0.03148707787316529,-0.034148893503976874,-0.034499211789620565,-0.01649442848444982,-0.026935406305516607,0.053025792908820035,-0.008639045485090646,-0.004650732655166689,-0.010791559399030426,-0.03921250512832386,-0.05504393476651903,-0.06703269068048445,-0.026942980525970994,0.005623672438993976
2020-07,0.1651318311480019,0.007370586774135157,0.11760653864615334,0.03744115538814796,0.047579048004827706,0.03647871434171868,0.02654656041705583,0.18825993604862368,0.1471136218500213,0.059798099104289015,0.05317922691321253,0.1035158580163058,0.057295886116607075,0.08031357332940336,-0.059033971167118504,-0.05928509505495805,0.0583019685507542,0.03305912293269242,0.02531500326224001,0.04929308189873827,0.05433499874933467,0.1687556415283229,0.0607085981806208,0.12126016599536049,0.01102328843903666
2020-08,0.2165691511410366,0.10275205720960101,0.25999235180538594,0.036734328905298375,0.03456617139058893,0.05948855741685222,0.032267714137541814,-0.01793147142678231,0.09046103369298208,0.07363767495667806,0.10546195463855645,0.05498807368490266,0.048476012122842915,0.0774407367456178,-0.032130927031945866,0.01429556263071663,0.07096619681202432,0.11458818946526117,0.11568949195902922,0.09515086319569122,0.031141216324110044,-0.00043501134471346514,-0.04094740076725767,0.03778966885375601,-0.046826485117772765
2020-09,-0.1025264674594698,-0.06739681177793855,0.011966727845098335,-0.039125688538426795,-0.05758339690945602,-0.02952847249966395,0.0016148412994410055,-0.028843557140507792,-0.08757859185260553,-0.020577829205647435,0.0279602805049457,0.004771228887789247,0.004838135122871234,0.007634282920038427,-0.1404604933059841,-0.14214217817853225,0.04806419899238357,-0.005677854988166087,0.023020236839325303,-0.10059956758081201,0.003712029473532219,-0.00576696672025323,0.10231471453737839,0.03828339423701044,-0.02507550210023124
2020-10,-0.06001206174219853,-0.03736993538601974,-0.07364832902515994,0.02783592496353604,-0.01618929914782541,-0.07905718380852189,-0.02126547515693067,-0.0332425939967651,-0.03575408533520552,-0.03960965287091278,-0.029568575175338507,-0.0081210620263521,-0.026534539450160932,-0.008291022393480008,-0.04981091953447525,-0.034722137737031034,0.05939811390269312,0.0020652843892692285,-0.09996419348250651,0.10269507786024556,-0.031824125799917224,0.05505086236315959,0.04008594508308616,-0.012572898623367967,-0.0499730993401476
2020-11,0.09549339245914501,0.06006062811026536,0.06921150836091239,0.2023659908258273,0.1881858458799508,0.06254343303074528,0.1022480862478019,0.14977457440181774,0.043439868865324804,0.040118206294626146,0.02691243375771557,0.012910214959868993,0.08207666261673263,0.10118897256766535,0.19711670006812332,0.272846033884264,0.10531681293091011,0.2420496731860613,0.15717414221999038,0.0855699131001535,0.06001067892767176,0.009904845087330472,0.016047076520859793,0.08870851530629476,0.006749508014522343
2020-12,0.11457348371166876,0.03900604614048886,-0.02556767588652753,0.07796065778516348,0.08305771224009262,0.08778009688195643,0.04638634710261891,-0.03915427294304996,0.028058383014484267,-0.03727927859849334,-0.013153174295279624,0.0019443921661423946,0.06279056037068398,-0.053099363722952986,0.08103863454759508,-0.031314772063527396,0.048563172360280404,0.043056188634151615,0.02028604518085353,-0.0010032258461041277,-0.02747915977809212,0.048375964010940464,-0.011871256441792988,-0.017013838475557597,-0.023718632214848046
2021-01,-0.005501807955192395,0.04289181033967937,-0.004997980380355371,0.019883882707082634,-0.021774768320104276,0.036535895531463636,-0.04876236844469184,-0.014111670537837795,-0.01557601223652838,0.019576612943323468,-0.03141015653794865,-0.07299610777288668,-0.12199117408592541,-0.025390450966398248,0.08782146926953716,0.00888100487148824,0.00984908866897527,-0.08147628953983332,-0.051628153095812146,0.042632719021915566,-0.05810848313020778,0.04821796049986693,0.02664915665909051,-0.058660220012472064,0.01291985973943155
2021-02,-0.0797117019726915,0.004117985397292134,0.0557939828648184,0.14377886500046078,0.17065713652302472,-0.022570266430190333,-0.004076743342194766,-0.06713107548298547,-0.03532841376742368,-0.04608213668119587,-0.002076743518483304,-0.03650258711774401,0.017445410749919343,-0.07523678120578658,0.23312482500579468,0.190299871017098,0.18070458901454134,0.04031157654350559,0.04780747904964566,0.10646509597735898,0.010045704924086518,-0.0866140899887845,-0.0799933696348527,-0.01414913875337731,-0.0493930675474501
2021-03,0.007339590840686583,0.014588099074932304,-0.026369184803209156,0.03438167097754641,0.12020121966585195,0.037170109783895455,0.12392929557473842,0.0818155202262838,0.00037178414851712915,0.18898663733463494,0.08731914806313346,0.09633290245953674,0.08488952284646101,0.04985501405076187,0.026852932783802075,0.04789997824158543,0.07406890805789157,0.0727452962041959,0.07015927337535177,0.020085042633690264,0.05153704184078656,0.028987906848328526,0.12781891293710768,0.08476648240102591,0.10609364567828838
2021-04,0.07621787110546263,0.06960178493272617,0.1244542926774499,0.01633023536812872,0.047557479037665606,-0.009857267373568845,0.07184108276539924,0.06679535718818896,0.12066273709568343,0.060344060565006075,0.05327029209223477,-0.008538721618603251,0.0240937839913391,0.030037516167957357,0.025255495678974782,-0.01641373738494789,-0.011769059237204504,0.027502371757244237,0.007622107695620217,0.14107987880970496,0.00450119780224334,0.025128945061495322,0.04309533169792279,0.11327762006271924,0.07124164995852067
2021-05,-0.05049712718893107,-0.0076273975974816555,0.08228136852999035,0.06781097092981114,0.0458919258621151,0.046555520947267004,0.032899070973199995,0.01194364406218873,-0.07047025525869377,-0.014706472311933227,-0.0038048382229743938,0.010718132546809311,0.024268596674405618,0.019139257645385044,0.03459694785974787,0.019311727246036803,0.05685860245114749,0.0396797347327158,0.016747126274349267,0.0014233715021871873,-0.022495241248640885,-0.055347792802313944,0.004912570805959415,0.037300528132705235,0.0027082828536557635
2021-06,0.09910919167910004,0.08498894796605705,0.23162180889099826,-0.0529715954767479,-0.02327074752384628,-0.026646789262531057,-0.024309189836059897,0.011102262588749578,0.06735498737093981,0.005180809221175364,-0.012398895173640345,0.0005931150490416925,-0.013967831341760828,-0.007111210670681545,0.08069216047853889,0.009153166006256042,-0.09727062206715775,-0.0500629251932182,-0.02135893918498233,0.0360395836410623,-0.008142937555730145,0.0061096001606117945,-0.014966933291996831,-0.039079162797310385,0.06252789200951536
2021-07,0.06498259081324353,0.051716325345207315,-0.025171660005900653,-0.018550601319339166,-0.0696094664182364,0.04528333219054792,0.029417639215639113,0.10310914989521436,-0.032722282722282725,0.029163769731187728,0.05073829686394249,0.06073192378725789,0.053964080078771515,0.010849473536898913,-0.08734959676923837,-0.027973874416021283,-0.04489490143497399,0.0658308059349566,-0.005319891089482831,0.10350609635890207,0.006721642260090865,0.06304596867853496,0.06472868022779266,0.06819651772256474,0.04686440504860889
2021-08,0.04248910599091005,0.06159137373450263,0.14820998289484955,0.053828300951364705,0.088373487027533,0.011375284666539809,0.009824881769233462,0.07615039143587166,0.043034169499993835,-0.006124619651274754,-0.01626709908667101,0.0011247251925512458,-0.012625063640606227,0.04275703245349205,-0.03864492375403805,-0.0366894478267753,0.019927563916438462,-0.004086349882532092,-0.00396367701571021,0.07400908507799375,-0.013983481035612755,0.0831104264383613,0.004957791665630484,0.045341108961393095,0.03313309305520162
2021-09,-0.06803647298656967,-0.066119190682424,-0.07455890474406723,0.02338205981077146,0.021976860813526233,-0.06717506580897536,-0.05803552842613113,-0.06642075895229116,-0.05351810876292584,0.011493639420499857,0.015370986914752915,-0.018189294263838973,-0.061161189594544085,-0.05887939354075766,0.07887005107087419,0.04836223025973463,-0.08962880072929202,-0.08464491896564086,-0.09606153828704656,-0.07616929945987172,-0.01799999219824011,-0.06512701521821984,-0.06755211588352639,-0.0788356905622194,-0.08735384921894285
2021-10,0.058657131772823945,0.1762910706247307,0.23416665117680013,0.04413086175961611,0.12555946097553083,0.008544637968346702,0.1784562205481286,0.016972943802358698,0.02660245759664326,0.1324559178165341,0.018414746871445065,0.029158911213493344,0.07432789656168981,0.07203336683034078,0.09605601228533733,0.12853604358636206,0.06858614860797085,0.029866225716782546,0.23156983592798808,0.10749869901078735,-0.007233612249511023,0.08672960867777313,0.04529185195576657,0.1318416729550127,0.06239416761125005
2021-11,0.10508188394052165,-0.001282206300013078,0.27805395106299136,-0.06510084167677277,-0.0692759370018432,-0.036398739207988084,-0.035290052688578544,0.23917755890467096,0.039923701306487036,0.07766170443983778,0.0016537055648664367,0.011119994023479629,-0.06232496074726035,-0.05882741902449784,-0.059342474507692033,-0.0027553900414286625,-0.05225235084306101,-0.0709266915800234,-0.02386091706503135,-0.04153092217190779,-0.051330387510941655,0.021497193668237324,-0.03973827193899915,0.04793832125553066,-0.06912076861213556
2021-12,0.07422841437059935,0.01733277634439423,-0.09981034805014011,-0.0030224521755946032,0.005265173986722882,0.09709475233716103,0.13407267547463464,0.09901358250844572,-0.04925196878828486,0.040229829398849226,0.09595250354594453,0.13141453218898191,0.12888463594606114,0.0330126342874375,0.022560143718614256,0.03969177628901033,0.06925269524689703,0.03100259707531272,0.07423512104490637,0.020821586545340276,0.03361836603540169,0.07582395666596042,0.08133182530676208,0.06315665667476944,0.11990566002254566
2022-01,-0.01571207634611227,-0.07534500805346744,-0.16745431771543373,-0.05594698917203966,0.03708685941497314,0.007131731666494501,-0.05888802623991207,-0.10092090183165792,-0.10282991021845667,-0.11573216957606003,-0.03215565210035842,-0.013838148810803141,0.030400294009947038,-0.033727261535654085,0.24137960354374877,0.11913075377778704,-0.020325128786903623,-0.01932762324144588,-0.029293833539074554,-0.0659193169892065,0.036784626836452006,-0.16323900589058726,0.0015253049452768064,-0.1864209943677011,-0.1401712261642275
2022-02,-0.05406576242307115,-0.037211805998899505,-0.0041247023484266565,-0.04576068769153274,-0.042045979123663924,-0.03867668378150302,0.0069831363112942135,-0.1091287300534074,0.026672518265588474,-0.13938117694525765,-0.05133325859569382,-0.028420075865398853,0.020160593240759583,-0.0332595143324782,0.043830345240670754,0.10798650563421974,-0.0693589960178791,-0.06692655599544284,0.010650767725782107,-0.0018214490396151195,0.008266086027273634,0.00746915369313772,-0.03470560696445535,-0.07946958518884484,-0.09793231745171449
2022-03,0.057473412550423264,0.03186161251006703,0.11915713877575285,-0.03864609195649349,-0.06286126003266868,0.07692794243073053,0.07482943792002095,0.10289699165089972,0.061437285030015776,-0.046523658386674605,0.010254420997325653,-0.01982138267797484,0.0037692326755258687,0.10606691743498131,0.05317502698275134,0.1307640298354793,0.18786674542042014,0.025454498704187145,0.11083555457804062,0.029694672482428963,-0.05086636078959317,0.08227938021385683,0.11204082788533642,-0.05134373336935616,0.10733018214808077
2022-04,-0.09713089904536643,-0.09986684352372655,-0.3202741908245841,-0.11792308802734142,-0.1344005495175975,0.018224737691036053,-0.0027844779561132516,-0.05215377115974229,-0.2375250931362105,0.0035747037357165556,0.007602980772177803,0.05661454683085321,0.04209675055006179,0.02733002234470905,0.032207457885079505,-0.0378310533639864,-0.050580506815499415,-0.005499051002106903,-0.14245457950637253,-0.17946687091964797,-0.080020271095813,-0.16161016685510987,-0.013433707536594341,0.1015143945015069,-0.035473414188057384
2022-05,-0.05449598237678821,-0.018077082118989618,0.006739768163705362,0.10782536858749503,0.04260072070577792,0.0012393498025227156,-0.023144072221662593,0.08971960139590962,-0.03276431760316634,0.007823116943572517,0.012241017257815345,-0.07891632991108721,-0.019037287372648426,-0.15616988820375133,0.13763449633523894,0.12399882173228649,0.025220836356068865,0.0057011343875963405,-0.05638813813786714,-0.0030453079154044715,0.10777532879693985,0.0718263017245453,0.030660038107163556,-0.022909622198649116,0.06269167484648852
2022-06,-0.08142979497667047,-0.05532076584929313,-0.1879709890732072,-0.14837805552286376,-0.15835199609370476,-0.011251728561286756,0.03760549129770929,-0.011500787422023762,-0.11645921262241288,-0.08834976506571868,-0.015708036051133467,-0.027657577528776178,-0.0002441194184441553,-0.054808236337568816,-0.10791664974281234,-0.17107526902883008,-0.17183244736007586,-0.10231375809437537,-0.029575017926664393,-0.04218446533253084,-0.010528479159635173,0.02338487229637254,-0.047191649259170965,-0.16463950290110108,0.003838264370394473
2022-07,0.18863365019838918,0.09309644036725251,0.19816618288656307,0.033482349125011135,0.08609080050852946,-0.016844007299480213,0.055896312158365546,-0.029144997135500672,0.27059597129750057,0.09724003193012654,0.06679341008877837,-0.027666662119902874,0.020028376375548662,0.08611617262995863,0.13183088596847004,0.13123359153668512,0.11675351600786787,0.10730086725647414,0.06573495867384782,0.0675183109915003,-0.07840153544020656,0.0907567655639332,0.025370696586782815,0.08052349341232623,0.05962685016132352
2022-08,-0.031207946570395717,-0.06666285077113165,-0.16896994897353534,-0.014129568436213602,-0.005915661113522042,-0.06930976792546195,-0.042427347157703355,-0.1045336279791006,-0.06061504624052039,-0.03534962887928461,-0.03686446917402597,-0.006982976828725285,-0.03833557097553231,0.008157982627361449,-0.004242465919612082,-0.026156014354446477,-0.06829757900902556,-0.011246145108979033,-0.006718519944419965,-0.06963550078582592,-0.09482581916893129,0.01162864360488669,-0.01850956170356788,-0.03837676051211536,-0.06195793765408031
2022-09,-0.1209768062299682,-0.10926701034912711,-0.19553428074166113,-0.08115727414041318,-0.09553751485000317,0.012520001381634227,-0.024464815831702125,-0.032500599076634606,-0.10862189009783763,-0.04327032387508711,-0.08538142362995649,-0.08474718582832352,-0.08558691960424347,-0.021501265554597526,-0.08661996282569828,-0.09104139546638579,-0.11168869527603098,-0.11819371231571696,-0.13224344251532016,-0.11615220881098931,-0.09184382866189933,-0.07818026839930403,-0.1299222592561705,-0.11783723583678685,-0.15489058597330785
2022-10,0.10955125522977238,-0.0033061364861095566,0.1118708242834916,0.21537091351480409,0.19337742489815235,0.06494881942868247,0.09922008274047922,0.06375692036898672,-0.09345130582826344,0.0731682180728701,0.18167625517747976,0.07426364797293927,0.068368517323671,0.09737868643743819,0.26915601399067435,0.2591355459463507,0.32806192688176394,0.22189597719898502,0.011908237051337256,-0.01191872300075092,0.0007844906545555475,-0.011605608001461154,0.0017198999083747335,0.09904750566003728,-0.027942581449397874
2022-11,-0.03302733882989184,0.10222289934225781,0.25415532035098076,0.09771198299551798,0.050221931680993315,0.029768895947118068,-0.013311978095437382,0.08613622553947398,-0.05759470309709902,0.10069897931185867,0.0061113483800083745,0.10759619797164688,0.07036137713641422,0.07089144545481729,0.012871677952248639,0.021160612041537297,0.0921647858014194,0.08138990921275391,0.10292167631550764,0.06856429715079959,0.04308292170400896,0.0984538179725678,0.08355935850305007,0.11008490828362039,0.0678604931625364
2022-12,-0.12227284325579257,-0.06004526032079327,-0.13644172619988637,-0.029526628549143674,-0.11985117867306616,-0.007584146661123392,-0.02911046731150435,0.02214241396004879,-0.1298943525647971,-0.025093224266498293,-0.03394549157160931,0.01609010249841658,0.0,-0.0662347243891801,-0.009340695021793577,-0.020838976836684342,0.013324285076411257,-0.023912490885860782,-0.04178016063193302,-0.1263490787083682,0.010774943897009726,-0.012986982987332474,0.030621422107054652,-0.0475557925190232,-0.0353574269947482
2023-01,0.11052116730220285,0.03331649083001409,0.33686889381179363,0.05140807677975778,0.07125622985510582,-0.07489409548050341,-0.05845197660871804,-0.1302612791386829,0.22773806254068996,0.02630918968398932,0.014685222865166603,-0.05467527949008699,-0.036000473970400626,0.014669655355733946,0.05176782620374887,-0.030475183571530118,0.05816157406967104,-0.027158108299432326,-0.013908196799728767,0.12025392921254419,0.07166267638471124,-0.10729679459907793,-0.0052434015808096035,-0.0031181591923123975,0.05442265219647857
2023-02,0.023183055387609786,0.009017936134023907,0.18830924010001882,0.024221410546346744,-0.03325810919731764,-0.05542589770780515,-0.04657547056739397,-0.08129513966594104,-0.08629878923214451,-0.08523348761560146,-0.007353242901664392,-0.03385268952143927,-0.029517459552894643,-0.012094181401262394,-0.045291382167080285,-0.06797358263595177,-0.05049750007011533,-0.07667797997354175,0.021980427043367,-0.08883053604905211,-0.06639398915746342,-0.042090165480704655,-0.07053046667520246,-0.061870707654502866,-0.11361306791946046
2023-03,0.1186486020765134,0.15588173339143419,0.1966625203708421,-0.09096628628203318,-0.16077282919296587,0.011353625878309348,-0.003502026369255118,0.005669213991994493,0.0961476943206232,0.002418596079475366,0.05949007644311122,0.08091009283330042,0.05034132469295871,0.041682657208670815,-0.0022745170809245208,0.014866047501234547,-0.04470867864201444,-0.0018799731962501065,-0.029042801204390067,0.1517878614660506,0.0020612877535315377,0.08517528048065937,0.023445792782739616,0.015450811948747534,0.03196828229732729
2023-04,0.028987213625508268,0.06576483489295581,-0.001007984799150985,0.06918039501858608,0.023776253928798452,0.05612888246838188,0.041262038174892046,-0.046813810991262805,0.020911956758344452,0.01836553102128846,0.05772317179833086,0.05830294080338838,0.034176989202973296,0.023872352016979237,0.07915361884489358,0.03321910882400281,-0.038683582119549476,0.045625706893267504,-0.02762603096559091,0.03480175109146222,0.014981351276390331,-0.005837876578347889,0.024981732575029447,0.056813455303989624,0.00768557671080905
2023-05,0.04605822996771192,0.07110564475475822,0.3634365666879342,-0.018301392313216036,-0.05088812383022734,-0.045633052458339485,-0.009855945876373284,-0.01179206297724833,0.14348037288458815,-0.050074696957351006,-0.035976370955281944,-0.08875828990275947,-0.06999225273249687,-0.02346217108892379,-0.1290632368250223,-0.09778789506637464,-0.05964342761602248,-0.036202658461395365,-0.00958142515886029,0.14468052618954141,-0.08241059900361325,-0.03521551796402167,-0.08773850589725374,-0.038532235863257935,-0.09760739539248453
2023-06,0.09433001706130395,0.0369987017029596,0.11821047224997594,0.07169707900564193,0.040623926933629484,0.06745811965941129,-0.009496210974978547,-0.03524459269698332,0.0811079667505703,0.09592550225418295,0.05220466746514818,0.06484210663791257,0.017073875908658165,0.07019837268835682,0.04961841605173922,0.04468207695030779,0.19586872971056857,0.08298559126494687,0.06285054589216066,-0.02579957779762343,0.043783220965546654,0.010073546930239985,0.005039673303487646,0.16568619893706527,0.0601302851724399
2023-07,0.012785553270876715,-0.013566775645463158,0.10465221879419828,0.09354231626529774,0.11537119813236729,0.01214347195099652,0.05353265600548984,-0.0059499790846205824,0.025467873963526566,0.07468438098309327,-0.017459354044135456,0.036541481219554806,0.028395992809749027,0.017050424892009586,-9.323604914079908e-05,0.040101491854790394,0.08304514509865912,-0.06443371746503002,0.13390669444925418,0.10877183003470958,-0.06721971679616368,-0.012129348325818357,0.04323632238402797,0.04135266834300677,-0.0187172975620582
2023-08,-0.042383929507528784,-0.022225624050107418,0.056196469706959684,-0.07362615573325415,-0.09659632359912096,-0.027912190936597914,-0.058830457145294446,-0.01885748291528133,0.0323907994336623,-0.004285922659241326,-0.03594296205071301,-0.012540031125841233,-0.03390934095071474,0.020818565271330858,0.0453324594607003,-0.006181911468795653,0.06018743428510187,-0.026587826043164564,-0.04378566787591909,0.0259944607391569,0.02640818596888761,-0.08236292390356248,-0.04076258748007555,-0.015105242542688413,-0.047238502433448404
2023-09,-0.08867805119944572,-0.0366428317071571,-0.11857801769488596,-0.008952478015375687,-0.0449948090418677,-0.03667729328278568,0.062051988562231486,-0.06246468200021149,-0.07890726899285894,-0.08519500990349571,-0.06299113729835804,-0.054943803996041374,-0.056925801581139135,-0.01648107900662643,0.057469322565803393,0.0466788317954403,-0.028918971308952934,-0.01702691693626479,-0.07680110409204044,-0.03899527122310409,-0.07347047644450366,-0.14236532157212145,-0.006081181425118709,-0.06135000566324933,-0.0930400105838105
2023-10,-0.0025701203032729714,0.07081558224716655,-0.06250726204228008,-0.03402232701443586,-0.037983877330338256,-0.04757635199104848,0.062218533158422185,-0.07868556430709772,0.046963447626806376,-0.05781726481905769,-0.0048207258144864484,0.035081041941293245,0.009110477268008177,0.02175939970443652,-0.09976189881168496,-0.13574886978188438,-0.1676994919241297,-0.008011245562915548,0.019545327296092818,-0.051811063255345347,0.10706096569195456,0.01762953789067323,0.007137894060448513,-0.06602627035143072,0.09449476704253712
2023-11,0.11378004543464248,0.12294530528694159,0.14688594412725564,0.12239343248591972,0.16679379456106314,0.05095403198597004,0.032508197846354614,0.010497718951823831,0.0976782655173829,0.10855678463984875,0.08146894498567536,0.023262287268122517,0.042756732833068245,-0.0472429927379906,-0.020505669434402574,-0.004286813129418698,0.10913514736093655,0.07537320622834187,0.08506327591246987,0.06810112776972721,0.09109026750260685,0.011768774707091367,0.050149132345792546,0.17307588192918044,0.17167081185138877
2023-12,0.013582823635267749,-0.007574406519719856,0.058934218414184336,0.08982588231960209,0.10429654172297798,0.013449102055534068,-0.04467510727853208,-0.05513613208270107,0.04004385139407618,0.10545808305217763,0.052050816134088906,-0.045466482666153274,0.008384818752873446,0.016349825720854305,-0.02686360847984437,0.038718690713737125,0.17928377380811122,0.07038580939246963,0.09645429208932566,0.054025656189211624,-0.01643612614708212,0.038113204265692646,0.05158223756717262,0.11872332736928892,0.042200430228299224
2024-01,-0.04222749020088845,0.057281116185587955,0.24241744176506597,0.03136470814295467,0.010097961403500388,0.013780709089683318,-0.02797876080499284,-0.04524105399807754,0.021455801332457725,0.018496465650426508,-0.012781961255071805,0.07910756934994034,0.009502849307530203,0.048208181446352194,0.028305408204572835,-0.011598497941779917,0.02039882549068639,-0.03552516169018183,-0.006880551542329472,0.00293512704291099,0.14228518123257294,-0.034738254773943544,-0.012469134094484247,-0.02411042819930398,-0.09370956372519135
2024-02,-0.018542998876732608,0.042318400738311945,0.28580943011894844,0.06710264514247721,0.02214555437062371,0.023318517863788024,-0.03544780582569018,-0.01920235551817162,0.1389175127740745,0.0783373675806065,0.004177813202571601,0.011454665882317139,0.0089088535585653,0.06402412300923266,0.02608085950195904,0.04231639567434109,0.11205073263468224,-0.012052416017241163,0.04537688045817401,-0.011706149136744615,-0.05501753570195944,-0.05005699687933518,-0.030865356547522205,0.09327864684324205,0.016406882849674842
2024-03,-0.051286208853183135,0.017116469462855388,0.14218126777182438,0.076534303868387,0.09849366443003271,-0.019766987543215153,0.006179634913182186,0.04480411027745479,0.020479805886374214,0.013883789786617529,-0.03534292162427033,0.02082557473157043,0.02748021582288729,0.030113145298773514,0.11213168504000293,0.037694941326129605,0.09722696649618112,0.032808332034067966,-0.030588508423228467,0.09006215775326498,0.0484756794954766,0.1579996904359564,0.053141829280100694,0.04607999699312404,-0.006386437617473484
2024-04,-0.006706353314915203,-0.07461033655965055,-0.04376030793594532,-0.03715199430676441,-0.023998089992491423,-0.0859726508526183,-0.022235726506550257,-0.07675662351788859,-0.029825949313549094,-0.12872767336914193,-0.031601153884064814,0.012350056350410865,0.009643779338168734,-0.013628195014656175,0.017463818597597935,0.022378779864540954,-0.08361838659794874,-0.060998805144193535,-0.03566048022692592,0.07851328909079625,-0.04362496682767447,0.04787973435900872,0.016027345168000195,-0.13739083819148168,-0.12393774889772724
2024-05,0.1302222612235222,0.06819106600607316,0.2688713567891705,0.05679563396458609,0.08051916906414536,0.0225851168060891,0.024126345990897136,0.1355274120584955,0.00822858537946436,0.00891006357111257,-0.05182389978937507,0.008210759641199772,0.0187793047696041,0.11183873419488943,-0.0004866775600057549,0.01654897994456972,0.011806129289258172,0.05463883466137709,-0.012701034315287685,0.05971245133852299,0.04203583358313212,0.19486321769487103,0.06459866933142488,0.016281542794734705,0.1409420051019783
2024-06,0.09555260923009312,0.07665068518104157,0.12694283089033265,-0.0018259513946599082,0.0005473002195157672,-0.003477007522875275,0.032400881047227825,-0.023726443210809522,0.09527316552932019,0.02798098252574821,-0.009252866335544785,0.002309411971367803,0.019289479164810164,0.029653223327115397,-0.01825002931766717,-0.03622925000725652,-0.016010923273411914,0.05613520910350589,-0.028176368319195455,0.05715397352782303,0.0021873599533202004,-0.10936412262236372,-0.03224862887898994,-0.017676011614531806,0.0012951776171765683
2024-07,0.05441079358907941,-0.06398941242119982,-0.05277651531735883,0.05794104560295965,0.013577933541819354,0.07998082600095535,0.13136717587736446,0.10689811300200525,-0.032445041513381456,0.06948637703540772,0.041437664477947056,-0.019361672321614676,0.048546720014028155,0.013735080882242956,0.03014237705077427,0.025892118850932677,0.043560171946111836,-0.04116322969646313,0.09047116556816781,-0.05824884579309153,-0.0013794568541374286,0.07880238104769233,0.09019248048248163,0.17548502454733184,0.13386136096118317
2024-08,0.03235355565531561,-0.0010949425826958237,0.020082193088379663,0.056390898118844346,0.010915438088680673,0.05871955365321213,0.024368238796117492,-0.05009825936868517,-0.045352422298136075,0.007002862844215141,0.08764130632980982,0.06705647393489889,0.08585547911742886,0.1283527130771105,0.002525782633755913,-0.06770233205975962,0.02859627525609021,0.020989733532915444,0.04345839556699804,-0.04756900191651936,0.031095680113823354,0.06076013209118436,0.05255396906050991,0.05505236232539157,0.016606175584560345
2024-09,0.01746716088691147,0.031547955764284374,0.017428021694226414,-0.06201070281232257,-0.019909403766864897,-0.022910801495915956,-0.005839861649445277,-0.0024129348850930876,0.043865556476496925,0.09959306180756289,0.06104762618050841,0.00967716587105616,-0.0016193497896426212,0.04557821302189535,-0.006104913470791673,-0.004595951712082491,0.09834303595937421,-0.005771799934735533,-0.037525753829330655,0.01646529359985016,0.07491638043995574,0.049931540386045636,0.011847336925730811,0.03329989561612101,0.03793627827482937
2024-10,-0.03042914742454561,-0.05565870367357961,0.09321485112116146,0.05890132997551811,0.05393169561046807,-0.013575181864957986,-0.034514666855581355,-0.0221147816614784,0.0003756349741959042,-0.028257682358190706,-0.04072130488775372,-0.04069766685021525,-0.09114952394371412,0.01486067664677293,-0.003753592355331792,0.010524941149716804,-0.03469096043178044,-0.00498286131048975,-0.0584631328344517,0.03171525737041514,-0.04725721594655041,-0.06246284082325104,-0.0002601063424395589,-0.05999945465030676,-0.07510459340310383
2024-11,0.05170688529735168,0.04419246659745313,0.04135271929200823,0.1252703669906048,0.13605911097066525,-0.022558800055980655,0.08095657654026533,-0.05946612657727601,0.1152897328156477,0.0955931018547529,0.013351348458669365,0.08524044444500456,-0.011391308612315743,0.1287368662935695,0.018404651147563733,0.09919230854927474,0.07950539242388777,0.13806241349760362,0.05425085186120726,-0.01262340076949131,0.05245660227616478,-0.0006660192330668613,0.0251207176881032,0.10971592995143986,-0.021260829435529982
2024-12,0.05515536669197063,-0.004628459664375306,-0.028576800670554348,-0.040084950243764905,-0.06978562036973701,-0.06702793638161952,-0.16781351308818127,0.012209075024266491,0.05531771626226978,-0.093538126994411,-0.014783965163019719,-0.06476620700317481,-0.02840196959907959,-0.021079072831541534,-0.08808068344687747,-0.10553941237937803,-0.1067443837861447,-0.030223570204915284,-0.06255286595235121,0.12173397635928307,-0.09810565337130495,-0.08872512412645506,-0.07953863578430165,-0.14461499758770957,-0.11464425453877114
2025-01,-0.05758329274912943,-0.015278837069997442,-0.10589022432857675,0.12085650838363238,0.05346968868351598,0.052067600263138836,0.0724113149223482,0.016148978082678678,0.08336748865953902,0.05910193355200799,-0.004105055502222066,-0.0038642062366682772,0.01959514890654135,0.08644175867770398,-0.006879273623108362,0.03003322962342847,0.027681513441193406,-0.009606382078995335,0.08660766433180456,0.07776017902351895,0.0024503767388648345,-0.0018132427272651297,0.03944679703058385,0.05362866700297109,0.008396550353030774
2025-02,0.025872441821147785,-0.04161813622532784,0.0403930563602144,-0.009914112097603511,-0.004319632783677085,0.09326932286380663,-0.1244815785287956,-0.0033937314066843083,-0.10686635257151178,-0.0373320375959324,0.06799446814945176,0.04729181520557124,0.12177059727694739,0.004584234881627625,0.05144450797566957,0.07500075079956026,-0.07400923139201665,-0.04331601546424291,0.0010341658759056571,-0.16537600217142778,0.09418629406330048,-0.011344534747018908,0.05882168865008386,0.011475402597517226,0.11175993336156886
2025-03,-0.08150016089676104,-0.0544092496050983,-0.13232492936822582,-0.0731152519400522,-0.08908155062445866,0.004969023811794981,0.10743719978886768,-0.04124101233325106,-0.10373094214756728,-0.07005604648098929,0.01895209432115652,-0.019673273459984042,0.013179754499200724,-0.1072803639081451,0.0682654775114162,0.05465893730603555,-0.04113983250854014,-0.005354925732431015,-0.04236083298423621,-0.09080286159995088,0.052436126444096676,0.010260697856991241,0.038130918511531275,-0.03399917108387207,0.05826273207569854
2025-04,-0.043352951328328726,0.05293157063925347,0.004982410538207471,0.003370301182181734,-0.044332280950665104,-0.05746504360952076,-0.21443432891160352,-0.03670089116063158,-0.030694820280155244,-0.01637144941916191,0.023305791406006415,-0.04011626696318582,0.012985113353944477,0.10775718981499005,-0.11183052892842282,-0.18668185943227877,-0.0577346270759993,-0.005903131154258223,-0.08711476166803078,0.02690148086330124,-0.01305810359824644,-0.05656650512643813,0.0004099002373993965,0.010682003838014431,0.044414573926688794
2025-05,-0.053584115788252173,0.16683983511124922,0.24063554742098003,0.07922492059943997,0.10656940177804897,0.0014753618226499565,-0.26621140839998814,-0.019331217156135616,0.1116473080052216,0.021637291363908462,-0.01814478908414685,0.04502664322591987,-0.006202595854564619,0.01757003224446163,-0.022605171825786807,0.016941480952010757,0.12532743031916072,0.08231902118380252,0.034048810584466516,0.08148589518674276,-0.002269559619715533,0.05622014353812865,-0.026465280392584112,0.01891623542717369,-0.04773531003590881
2025-06,0.021508529195637616,0.08048050874655832,0.16925143681462695,0.09814400414955005,0.07860551977291608,-0.015849533881914013,0.0406565465083224,0.031928538003652474,0.07014294555445666,0.0017064874373431405,-0.0637976905288482,-0.062216793675969106,-0.011747196978507901,-0.009521935486592414,0.05376345002146654,0.04747635098197556,0.11544975364200116,0.02739660723277204,0.0379860959044791,0.02738654091225734,-0.015696120396082813,-0.009318905308269065,0.002378528717053241,-0.04305912104241716,0.03778024360879351
2025-07,0.01169770128522929,0.07255593683333572,0.12583080373208522,0.02675711988102325,-0.0010566645579738188,0.07849443899845077,-0.20005122756671678,-0.022612437315922107,0.06709513314943605,0.002372926992145752,0.027038922796036813,-0.04908977855142804,-0.04042398110939471,0.0020454905553404235,0.03562142846905014,0.059012353532511774,0.13244016592785357,-0.04521644267135638,-0.03524855513937819,0.08891779919955933,0.004191892191423907,0.023624249682919762,0.030847434149613218,-0.03634656364135158,-0.05714413279478581
2025-08,0.11963891239084878,-0.048691808238784384,-0.020745638340431527,0.017485908220875368,0.07340808449660652,0.08334599052580516,0.24166521224979665,0.06311717114229443,-0.021827348669553825,0.1068269146958769,0.044889564273660865,0.043663134819144966,0.01620271476295776,-0.007894433410320922,0.03326336690274134,0.07087709190341407,-0.043331342471053746,-0.007678590284396769,0.013498402567193146,0.10948422453029583,0.03437803727638156,0.021772747029402906,0.01569293611274336,0.10802184603716825,-0.02178621184664742
2025-09,0.09688125410893011,0.022222678333202905,0.07125120333176027,0.046479903644092824,0.022407454620447353,0.0465655263613749,0.12136851621134759,0.02907913303381049,-0.04117900731782209,0.0017669536071873715,-0.025275045349337222,-0.021586811700328057,-0.0313289985853612,0.06269333241942698,-0.013474529480882569,-0.03306348190896646,0.13867410646970102,-0.04100222449334767,0.05725261938483084,0.14281814251802705,-0.0063305432333433664,0.04774443518994387,0.0102866686893619,-0.05349479918692224,-0.04824459656432056
2025-10,0.06181504937803495,-0.0002704102084843951,0.0852718465520419,-0.008868528802058129,0.036053469975907415,0.01860630632738136,-0.010831189004583797,-0.032574614661376344,0.11226484981660545,-0.06318020103435473,-0.01796703929454857,-0.014503548423008827,0.038902436619237646,-0.018241803065746742,0.01427937220392872,0.015648134464368857,0.21328401663293173,0.014779641155902468,-0.06769045760395109,0.1566845448808456,-0.08024749855070423,0.0782885959629902,0.004444420052799547,-0.003812225135524927,-0.06936359484662735
2025-11,0.03236433452057841,-0.04804674418145871,-0.12588283050832605,0.006299750593423026,0.003741847168485357,0.10252442195527811,-0.03451805760182636,0.06260635122255764,-0.04504135592915348,-0.05972231006215756,0.0448681257164687,-0.014697080251840244,0.061248131892190916,0.09221194393975618,0.022506936474674166,-0.031080967749136712,-0.0025984050435396977,-0.039680390641192664,0.05200356417944518,0.1386605461900774,0.03447414411467142,0.06725197961586726,0.00577076435769186,-0.0012951935654367253,0.012794798007109254
2025-12,-0.025067289046220242,-0.017052601262616096,0.05373099736807707,0.029193893028749862,0.03049055244564558,0.00014498676237151287,0.007761434182764315,-0.03263408403927104,-0.010290686407351424,-0.029682932353462532,-0.013969482507654507,-0.03273489200335589,-0.03718491060704687,0.010199090354035434,0.03812975321148393,0.008469399383149279,-0.005019434818166801,0.015089075355070536,0.00363692303515184,-0.02178539268645263,-0.009243579713144823,-0.06964890509155197,-0.054300549306546264,-0.057202824468713165,-0.022020317336173045
2026-01,-0.04553796287895939,-0.11027242352763367,0.024825794473151586,-0.04639755559275349,-0.032727276571109964,0.09809123941665776,-0.1308048795709681,0.07963453910146612,0.036738564502459825,0.08860793445086457,0.030657960122141947,0.06655206853509577,0.0700900424223787,0.06938340745984495,0.17500413567711215,0.16068488216527732,0.15017010590966096,0.16623100491191822,0.016340997796464363,0.07987225284963939,0.11201617828614574,0.09491786859402329,0.035321184748827505,0.09446663268397582,0.021131130783234697
2026-02,0.01906560964653714,-0.08518351769513566,-0.07293464314527709,-0.01827468967021073,-0.06334583835453911,0.09901297653640317,0.022095946175181513,0.04576392893084691,-0.12244046250772744,0.016364595871060983,0.08273018081931549,0.10166688897023568,0.09022851087369999,0.07394659467385156,0.08568934855096799,0.06606545712480738,0.13002013548229852,0.07594661382179568,0.1329849156255547,-0.07763313838572394,0.12623529411764678,0.07405433230145309,0.08746977716197324,0.02241703202170675,0.07016947820376718
2026-03,-0.03932924356014633,-0.05746798756249527,-0.015692587491902388,-0.02044600043844802,-0.016143076898785025,-0.01606083571446837,-0.0701617234341555,0.015551481153918578,-0.00823807489304329,-0.13036131672009132,-0.08366221928980344,-0.1361243367152879,-0.06114606860505534,-0.026689663999746593,0.11252462106599048,0.1078389412188776,-0.04626897344449732,-0.07208834634972716,-0.08438378029714977,-0.07697453039539925,0.0011966613493934464,-0.00949126627782615,0.0006878410654049816,-0.11398883532442594,-0.10048990416429604
2026-04,0.06919117987186674,0.10160193378338156,0.1443234582488595,0.07027812668297329,0.09661530210307157,-0.05968745313440593,0.36915627071354096,-0.049145236246369906,0.27267485533749514,-0.0002736711410864512,-0.05534284643565335,0.026014896323122372,0.03563444368672508,0.061554387022750845,-0.0903571158098091,-0.06568396029875467,0.25879314072242066,-0.05176310694712649,0.11070813549922276,0.33815544466040715,-0.028836557565092513,0.05383283125938654,-0.010615612567610344,0.0033068776741318473,0.06927547227788255
2026-05,0.15108715221843605,0.10651617603697683,0.05797461957992334,-0.04444020640164559,-0.03479228041682336,-0.014027084349572227,0.026533138541375845,-0.0032904295815633366,0.021051901989134647,-0.035462266282002775,-0.049013976439986284,-0.02399892227042677,0.0031741339662247903,-0.12096629560125105,-0.0523816708634921,-0.047482276256571865,-0.015998012717017285,0.11588314116165344,-0.02031861019004577,-0.01159041994984078,-0.0045803880970977096,-0.11105425899235843,-0.04445734512867061,-0.052803736579961735,0.023260957029390683
2026-06,-0.07274245453871875,-0.17150856157139238,-0.05123052301166564,0.09361518736974195,0.110001012816763,0.12710251067166634,0.09911352402639517,-0.08021389977916016,-0.11934679486514477,0.1204051440627032,-0.025274795911808146,0.021454420265916818,0.03524494377540632,-0.021511891036546826,-0.058791158949492495,-0.09152695932975907,0.21581978711898242,-0.10246093561873404,0.035638049624849844,-0.05983206320284973,-0.11441120055427911,0.016123041184471276,0.031369667528394096,0.13322814473261513,-0.11675554997730064
2026-07,0.06756296301144094,0.24583136341252132,0.0032985604928097434,0.07956751156417519,0.08722364674262573,0.009371173771967722,-0.0029594382098424576,0.056790836469399864,0.13946459152936796,-0.058750128682016345,0.0012209204225488435,-0.0073061194109649286,0.07776544321555279,-0.018188275839716495,0.13692228319054656,0.1874396778535059,-0.23342895579309253,0.08552933013333996,0.07400736609847569,-0.0034697744415898013,0.12442074416712323,-0.009684432699191836,-0.009085158763026291,-0.010077856131392449,0.0598519726047857
