Date,Mkt-RF,SMB,HML,RF
2016-09,0.0027,0.0209,-0.012199999999999999,0.0002
2016-10,-0.020099999999999996,-0.0441,0.040999999999999995,0.0002
2016-11,0.048600000000000004,0.055999999999999994,0.0832,0.0001
2016-12,0.0181,0.0013,0.035,0.0003
2017-01,0.0194,-0.0116,-0.0274,0.0004
2017-02,0.0355,-0.0213,-0.0152,0.0004
2017-03,0.0017000000000000001,0.0113,-0.0333,0.0003
2017-04,0.0108,0.0068000000000000005,-0.0208,0.0005
2017-05,0.010700000000000001,-0.025099999999999997,-0.0382,0.0006
2017-06,0.0079,0.0222,0.0151,0.0006
2017-07,0.018799999999999997,-0.014499999999999999,-0.0023,0.0007000000000000001
2017-08,0.0018,-0.0167,-0.0213,0.0009
2017-09,0.024900000000000002,0.044500000000000005,0.0315,0.0009
2017-10,0.0226,-0.019299999999999998,0.0013,0.0009
2017-11,0.031200000000000002,-0.006,-0.0009,0.0008
2017-12,0.0106,-0.0132,0.0005,0.0009
2018-01,0.0558,-0.0316,-0.0132,0.0011
2018-02,-0.0364,0.0027,-0.011000000000000001,0.0011
2018-03,-0.0235,0.0405,-0.0021,0.0012
2018-04,0.0027,0.0109,0.0053,0.0014000000000000002
2018-05,0.026600000000000002,0.0524,-0.031400000000000004,0.0014000000000000002
2018-06,0.0049,0.0111,-0.0233,0.0014000000000000002
2018-07,0.032,-0.0222,0.004699999999999999,0.0016
2018-08,0.0345,0.011699999999999999,-0.0393,0.0016
2018-09,0.0006,-0.0229,-0.0168,0.0015
2018-10,-0.0765,-0.0467,0.034300000000000004,0.0019
2018-11,0.0171,-0.0072,0.0034000000000000002,0.0018
2018-12,-0.0955,-0.0233,-0.018799999999999997,0.0019
2019-01,0.0837,0.0273,-0.004,0.0021
2019-02,0.0342,0.020499999999999997,-0.026600000000000002,0.0018
2019-03,0.011000000000000001,-0.030600000000000002,-0.0416,0.0019
2019-04,0.0397,-0.0169,0.0213,0.0021
2019-05,-0.0692,-0.012199999999999999,-0.0236,0.0021
2019-06,0.0699,0.001,-0.0072,0.0018
2019-07,0.0123,-0.0196,0.005,0.0019
2019-08,-0.0255,-0.0239,-0.04769999999999999,0.0016
2019-09,0.0141,-0.0097,0.0676,0.0018
2019-10,0.0207,0.0027,-0.0192,0.0015
2019-11,0.0387,0.0072,-0.02,0.0012
2019-12,0.0277,0.0076,0.0173,0.0014000000000000002
2020-01,-0.0011,-0.031,-0.0622,0.0013
2020-02,-0.0815,0.0108,-0.0382,0.0012
2020-03,-0.13369999999999999,-0.046900000000000004,-0.1383,0.0012
2020-04,0.136,0.025,-0.0134,0.0
2020-05,0.0557,0.024,-0.05,0.0001
2020-06,0.0245,0.026699999999999998,-0.0217,0.0001
2020-07,0.0583,-0.0235,-0.0144,0.0001
2020-08,0.0762,-0.002,-0.0302,0.0001
2020-09,-0.0364,0.0006,-0.027200000000000002,0.0001
2020-10,-0.0208,0.0434,0.0425,0.0001
2020-11,0.1245,0.0581,0.0209,0.0001
2020-12,0.0463,0.0501,-0.0168,0.0001
2021-01,-0.0007000000000000001,0.07139999999999999,0.0322,0.0
2021-02,0.0281,0.0202,0.07200000000000001,0.0
2021-03,0.0317,-0.0233,0.0735,0.0
2021-04,0.0495,-0.0319,-0.0102,0.0
2021-05,0.003,-0.002,0.0704,0.0
2021-06,0.0274,0.017,-0.0786,0.0
2021-07,0.0134,-0.0393,-0.018000000000000002,0.0
2021-08,0.0294,-0.0032,-0.0023,0.0
2021-09,-0.044000000000000004,0.0066,0.0512,0.0
2021-10,0.0663,-0.0226,-0.0053,0.0
2021-11,-0.0158,-0.0131,-0.0037,0.0
2021-12,0.0323,-0.0163,0.0325,0.0001
2022-01,-0.0616,-0.0593,0.1286,0.0
2022-02,-0.022799999999999997,0.0216,0.030600000000000002,0.0
2022-03,0.0308,-0.0155,-0.019,0.0
2022-04,-0.0941,-0.013500000000000002,0.061799999999999994,0.0
2022-05,-0.0034000000000000002,-0.0184,0.08439999999999999,0.0003
2022-06,-0.084,0.0207,-0.06,0.0006
2022-07,0.09570000000000001,0.0286,-0.041299999999999996,0.0008
2022-08,-0.0377,0.0141,0.0018,0.0019
2022-09,-0.0934,-0.0076,0.0003,0.0019
2022-10,0.0785,0.0001,0.0797,0.0023
2022-11,0.04650000000000001,-0.035699999999999996,0.0148,0.0029
2022-12,-0.0638,-0.0076,0.0134,0.0033
2023-01,0.0661,0.0501,-0.0394,0.0034999999999999996
2023-02,-0.025699999999999997,0.0105,-0.008,0.0034000000000000002
2023-03,0.0248,-0.0548,-0.09050000000000001,0.0036
2023-04,0.0062,-0.0337,-0.0012,0.0034999999999999996
2023-05,0.0034000000000000002,0.016,-0.0779,0.0036
2023-06,0.0646,0.0149,-0.0013,0.004
2023-07,0.0321,0.020499999999999997,0.0406,0.0045000000000000005
2023-08,-0.0236,-0.0313,-0.0115,0.0045000000000000005
2023-09,-0.052300000000000006,-0.025,0.015,0.0043
2023-10,-0.0315,-0.0387,0.0022,0.004699999999999999
2023-11,0.0888,-0.0011,0.0166,0.0044
2023-12,0.048499999999999995,0.06280000000000001,0.0487,0.0043
2024-01,0.0073,-0.0504,-0.023700000000000002,0.004699999999999999
2024-02,0.0507,-0.0026,-0.034300000000000004,0.0042
2024-03,0.028399999999999998,-0.025,0.0416,0.0043
2024-04,-0.04650000000000001,-0.023799999999999998,-0.0045000000000000005,0.004699999999999999
2024-05,0.0433,0.0053,-0.013300000000000001,0.0044
2024-06,0.027999999999999997,-0.03,-0.0336,0.0040999999999999995
2024-07,0.012199999999999999,0.0681,0.0557,0.0045000000000000005
2024-08,0.016,-0.0349,-0.0113,0.0048
2024-09,0.0172,-0.0013,-0.0273,0.004
2024-10,-0.01,-0.0095,0.0091,0.0039000000000000003
2024-11,0.0649,0.0449,0.0038,0.004
2024-12,-0.0317,-0.027000000000000003,-0.0297,0.0037
2025-01,0.027999999999999997,-0.02,0.0176,0.0037
2025-02,-0.024399999999999998,-0.057699999999999994,0.0484,0.0033
2025-03,-0.0639,-0.027200000000000002,0.0287,0.0034000000000000002
2025-04,-0.0084,-0.005699999999999999,-0.0329,0.0034999999999999996
2025-05,0.060599999999999994,0.0060999999999999995,-0.0281,0.0038
2025-06,0.048600000000000004,0.0070999999999999995,-0.0143,0.0034000000000000002
2025-07,0.019799999999999998,0.003,-0.0134,0.0034000000000000002
2025-08,0.0184,0.038,0.0437,0.0038
2025-09,0.0339,-0.0183,-0.0105,0.0033
2025-10,0.0196,-0.005699999999999999,-0.0318,0.0037
2025-11,-0.0013,0.004,0.037599999999999995,0.003
2025-12,-0.0036,-0.0104,0.024,0.0034000000000000002
2026-01,0.0103,0.0218,0.038,0.003
2026-02,-0.011699999999999999,0.0016,0.027999999999999997,0.0028000000000000004
2026-03,-0.0518,0.0044,0.0329,0.0029
2026-04,0.09949999999999999,0.0019,-0.0137,0.0029
2026-05,0.049100000000000005,-0.0159,-0.0231,0.0031
2026-06,-0.010700000000000001,0.0339,0.0358,0.0029
2026-07,-0.006,-0.0196,0.021099999999999997,0.0033
