ticker,market_cap,shares_outstanding,download_date
AAPL,4913422663680,14594180000,2026-10-08
MSFT,3933757243392,7425545491,2026-10-08
NVDA,5734188187648,24147000000,2026-10-08
JPM,876084985856,2658186195,2026-10-08
BAC,374251913216,6992748365,2026-10-08
JNJ,622838284288,2409898597,2026-10-08
UNH,337477697536,897594847,2026-10-08
PFE,159590858752,5699673589,2026-10-08
AMZN,2803578699776,10786313572,2026-10-08
HD,285109747712,997689626,2026-10-08
MCD,163380281344,707641531,2026-10-08
PG,343337435136,2322672312,2026-10-08
KO,369244766208,4302549243,2026-10-08
WMT,860745826304,7958079155,2026-10-08
XOM,674559164416,4111911960,2026-10-08
CVX,402422923264,1961603274,2026-10-08
CAT,374097215488,459674889,2026-10-08
HON,65958383616,316940010,2026-10-08
UNP,163180658688,594075498,2026-10-08
GOOGL,4286592319488,5867155790,2026-10-08
VZ,190164074496,4154775202,2026-10-08
NEE,160745472000,2085978209,2026-10-08
DUK,90055606272,779702193,2026-10-08
SHW,76468813824,242758151,2026-10-08
AMT,77433241600,465960048,2026-10-08
