date,URTH
2016-08-01,60.186134338378906
2016-08-02,59.926597595214844
2016-08-03,59.775917053222656
2016-08-04,59.926597595214844
2016-08-05,60.35355758666992
2016-08-08,60.487525939941406
2016-08-09,60.755428314208984
2016-08-10,60.60474395751953
2016-08-11,61.09031295776367
2016-08-12,61.056819915771484
2016-08-15,61.224266052246094
2016-08-16,61.04844665527344
2016-08-17,61.10704803466797
2016-08-18,61.27449035644531
2016-08-19,61.056819915771484
2016-08-22,60.9479866027832
2016-08-23,61.25774383544922
2016-08-24,60.989845275878906
2016-08-25,60.7052001953125
2016-08-26,60.579627990722656
2016-08-29,60.89774703979492
2016-08-30,60.7637939453125
2016-08-31,60.654972076416016
2016-09-01,60.81404495239258
2016-09-02,61.17402648925781
2016-09-06,61.60101318359375
2016-09-07,61.55075454711914
2016-09-08,61.43354797363281
2016-09-09,59.94335174560547
2016-09-12,60.654972076416016
2016-09-13,59.52473068237305
2016-09-14,59.50799560546875
2016-09-15,59.87636184692383
2016-09-16,59.69218063354492
2016-09-19,59.775917053222656
2016-09-20,59.60846710205078
2016-09-21,60.69683074951172
2016-09-22,61.073570251464844
2016-09-23,60.68009948730469
2016-09-26,60.119171142578125
2016-09-27,60.462398529052734
2016-09-28,60.85589599609375
2016-09-29,60.32008361816406
2016-09-30,60.830780029296875
2016-10-03,60.54612350463867
2016-10-04,60.49591064453125
2016-10-05,60.74705505371094
2016-10-06,60.470794677734375
2016-10-07,60.269859313964844
2016-10-10,60.62984085083008
2016-10-11,59.81776428222656
2016-10-12,59.775917053222656
2016-10-13,59.60846710205078
2016-10-14,59.549861907958984
2016-10-17,59.449398040771484
2016-10-18,59.968467712402344
2016-10-19,60.119171142578125
2016-10-20,60.094051361083984
2016-10-21,59.98521041870117
2016-10-24,60.13591003417969
2016-10-25,60.08567810058594
2016-10-26,59.85125732421875
2016-10-27,59.734046936035156
2016-10-28,59.717308044433594
2016-10-31,59.54148864746094
2016-11-01,59.29034423828125
2016-11-02,58.87173080444336
2016-11-03,58.58709716796875
2016-11-04,58.39453125
2016-11-07,59.63357925415039
2016-11-08,59.717308044433594
2016-11-09,60.01869201660156
2016-11-10,60.027061462402344
2016-11-11,59.801021575927734
2016-11-14,59.72567367553711
2016-11-15,59.993587493896484
2016-11-16,59.75916290283203
2016-11-17,60.177757263183594
2016-11-18,59.89311218261719
2016-11-21,60.361934661865234
2016-11-22,60.37032699584961
2016-11-23,60.345211029052734
2016-11-25,60.54612350463867
2016-11-28,60.40381622314453
2016-11-29,60.688446044921875
2016-11-30,60.53775405883789
2016-12-01,60.345211029052734
2016-12-02,60.4456672668457
2016-12-05,60.671722412109375
2016-12-06,60.98146438598633
2016-12-07,61.8521614074707
2016-12-08,61.97774124145508
2016-12-09,62.12004852294922
2016-12-12,62.08657455444336
2016-12-13,62.614013671875
2016-12-14,61.97774124145508
2016-12-15,62.12843704223633
2016-12-16,61.89402770996094
2016-12-19,62.078216552734375
2016-12-20,62.3293571472168
2016-12-21,62.18391418457031
2016-12-22,61.989437103271484
2016-12-23,62.2261848449707
2016-12-27,62.18391418457031
2016-12-28,61.862613677978516
2016-12-29,61.997901916503906
2016-12-30,61.79494094848633
2017-01-03,62.369937896728516
2017-01-04,62.902652740478516
2017-01-05,63.11407470703125
2017-01-06,63.24089050292969
2017-01-09,62.92799758911133
2017-01-10,63.02104949951172
2017-01-11,63.063331604003906
2017-01-12,63.19017028808594
2017-01-13,63.36772537231445
2017-01-17,63.19017028808594
2017-01-18,63.02949905395508
2017-01-19,62.970306396484375
2017-01-20,63.11407470703125
2017-01-23,63.13096618652344
2017-01-24,63.50301742553711
2017-01-25,63.98500442504883
2017-01-26,63.94272232055664
2017-01-27,63.891990661621094
2017-01-30,63.47765350341797
2017-01-31,63.511478424072266
2017-02-01,63.62139892578125
2017-02-02,63.63832473754883
2017-02-03,63.9173469543457
2017-02-06,63.77361297607422
2017-02-07,63.748226165771484
2017-02-08,63.858150482177734
2017-02-09,64.09494018554688
2017-02-10,64.25558471679688
2017-02-13,64.56845092773438
2017-02-14,64.79676055908203
2017-02-15,64.92359924316406
2017-02-16,65.0842514038086
2017-02-17,65.01660919189453
2017-02-21,65.27873992919922
2017-02-22,65.33792877197266
2017-02-23,65.27873992919922
2017-02-24,65.27873992919922
2017-02-27,65.32101440429688
2017-02-28,65.1772689819336
2017-03-01,65.87065887451172
2017-03-02,65.44786071777344
2017-03-03,65.66770935058594
2017-03-06,65.45631408691406
2017-03-07,65.24491882324219
2017-03-08,65.0419692993164
2017-03-09,65.11808776855469
2017-03-10,65.4901351928711
2017-03-13,65.76071166992188
2017-03-14,65.23645782470703
2017-03-15,65.9552230834961
2017-03-16,66.20889282226562
2017-03-17,66.05668640136719
2017-03-20,65.9805679321289
2017-03-21,65.2702865600586
2017-03-22,65.63387298583984
2017-03-23,65.43939971923828
2017-03-24,65.53241729736328
2017-03-27,65.48168182373047
2017-03-28,66.00593566894531
2017-03-29,65.94673156738281
2017-03-30,66.08203887939453
2017-03-31,65.84529113769531
2017-04-03,65.81990814208984
2017-04-04,65.71845245361328
2017-04-05,65.6084976196289
2017-04-06,65.642333984375
2017-04-07,65.66770935058594
2017-04-10,65.68461608886719
2017-04-11,65.8030014038086
2017-04-12,65.6084976196289
2017-04-13,65.09270477294922
2017-04-17,65.57470703125
2017-04-18,65.3294677734375
2017-04-19,65.2702865600586
2017-04-20,65.66770935058594
2017-04-21,65.6000747680664
2017-04-24,66.6993179321289
2017-04-25,67.11366271972656
2017-04-26,67.0121841430664
2017-04-27,66.9614486694336
2017-04-28,66.9530029296875
2017-05-01,67.1559066772461
2017-05-02,67.18975830078125
2017-05-03,67.13055419921875
2017-05-04,67.35042572021484
2017-05-05,67.7140121459961
2017-05-08,67.59564208984375
2017-05-09,67.56181335449219
2017-05-10,67.59564208984375
2017-05-11,67.4518814086914
2017-05-12,67.50262451171875
2017-05-15,67.94232177734375
2017-05-16,68.1114273071289
2017-05-17,67.0290756225586
2017-05-18,67.14747619628906
2017-05-19,67.72245788574219
2017-05-22,68.18753051757812
2017-05-23,68.06067657470703
2017-05-24,68.36509704589844
2017-05-25,68.39047241210938
2017-05-26,68.39047241210938
2017-05-30,68.49195098876953
2017-05-31,68.34818267822266
2017-06-01,68.88089752197266
2017-06-02,69.21913146972656
2017-06-05,68.99929809570312
2017-06-06,68.85552215576172
2017-06-07,68.88937377929688
2017-06-08,68.92318725585938
2017-06-09,68.80482482910156
2017-06-12,68.67798614501953
2017-06-13,69.05848693847656
2017-06-14,68.88089752197266
2017-06-15,68.50883483886719
2017-06-16,68.89781951904297
2017-06-19,69.3290786743164
2017-06-20,68.72509765625
2017-06-21,68.60549926757812
2017-06-22,68.60549926757812
2017-06-23,68.8276138305664
2017-06-26,68.89596557617188
2017-06-27,68.60549926757812
2017-06-28,69.1095199584961
2017-06-29,68.59698486328125
2017-06-30,68.6225814819336
2017-07-03,68.65677642822266
2017-07-05,68.70802307128906
2017-07-06,68.26380920410156
2017-07-07,68.56278991699219
2017-07-10,68.68241119384766
2017-07-11,68.71656036376953
2017-07-12,69.16077423095703
2017-07-13,69.40852355957031
2017-07-14,69.76729583740234
2017-07-17,69.62207794189453
2017-07-18,69.76729583740234
2017-07-19,70.10045623779297
2017-07-20,70.27984619140625
2017-07-21,69.98941040039062
2017-07-24,69.95524597167969
2017-07-25,70.22006225585938
2017-07-26,70.39093017578125
2017-07-27,70.16024017333984
2017-07-28,70.24569702148438
2017-07-31,70.28841400146484
2017-08-01,70.69844055175781
2017-08-02,70.52759552001953
2017-08-03,70.49342346191406
2017-08-04,70.57886505126953
2017-08-07,70.6642837524414
2017-08-08,70.39945220947266
2017-08-09,70.35673522949219
2017-08-10,69.35726165771484
2017-08-11,69.25475311279297
2017-08-14,69.94670104980469
2017-08-15,69.83564758300781
2017-08-16,70.07483673095703
2017-08-17,69.1522445678711
2017-08-18,69.17787170410156
2017-08-21,69.1522445678711
2017-08-22,69.79292297363281
2017-08-23,69.66478729248047
2017-08-24,69.51103973388672
2017-08-25,69.69895935058594
2017-08-28,69.70750427246094
2017-08-29,69.73313903808594
2017-08-30,69.79292297363281
2017-08-31,70.34819030761719
2017-09-01,70.4079818725586
2017-09-05,69.98941040039062
2017-09-06,70.23715209960938
2017-09-07,70.52759552001953
2017-09-08,70.459228515625
2017-09-11,71.14266204833984
2017-09-12,71.27078247070312
2017-09-13,71.21952819824219
2017-09-14,71.30496978759766
2017-09-15,71.3647689819336
2017-09-18,71.42455291748047
2017-09-19,71.54417419433594
2017-09-20,71.67230224609375
2017-09-21,71.40747833251953
2017-09-22,71.62102508544922
2017-09-25,71.3562240600586
2017-09-26,71.29641723632812
2017-09-27,71.63811492919922
2017-09-28,71.55270385742188
2017-09-29,71.8345947265625
2017-10-02,72.11653900146484
2017-10-03,72.20194244384766
2017-10-04,72.304443359375
2017-10-05,72.56071472167969
2017-10-06,72.38134765625
2017-10-09,72.27881622314453
2017-10-10,72.62906646728516
2017-10-11,72.86827087402344
2017-10-12,72.82555389404297
2017-10-13,73.00494384765625
2017-10-16,73.03913116455078
2017-10-17,73.04765319824219
2017-10-18,73.09891510009766
2017-10-19,73.1159896850586
2017-10-20,73.26122283935547
2017-10-23,73.20140838623047
2017-10-24,73.18433380126953
2017-10-25,72.79991912841797
2017-10-26,72.91951751708984
2017-10-27,73.18433380126953
2017-10-30,73.14161682128906
2017-10-31,73.36371612548828
2017-11-01,73.37227630615234
2017-11-02,73.53459167480469
2017-11-03,73.50895690917969
2017-11-06,73.79084777832031
2017-11-07,73.63707733154297
2017-11-08,73.87628936767578
2017-11-09,73.44915771484375
2017-11-10,73.43208312988281
2017-11-13,73.28684997558594
2017-11-14,73.12454223632812
2017-11-15,72.83409118652344
2017-11-16,73.44915771484375
2017-11-17,73.27830505371094
2017-11-20,73.38936614990234
2017-11-21,73.85066223144531
2017-11-22,73.88482666015625
2017-11-24,74.21798706054688
2017-11-27,74.01294708251953
2017-11-28,74.57678985595703
2017-11-29,74.39739227294922
2017-11-30,74.79888916015625
2017-12-01,74.67074584960938
2017-12-04,74.48280334472656
2017-12-05,74.31195831298828
2017-12-06,74.29487609863281
2017-12-07,74.4742660522461
2017-12-08,74.81596374511719
2017-12-11,74.93557739257812
2017-12-12,75.18331146240234
2017-12-13,75.17475891113281
2017-12-14,74.99536895751953
2017-12-15,75.13204956054688
2017-12-18,75.8496322631836
2017-12-19,75.70735168457031
2017-12-20,75.6038818359375
2017-12-21,75.80218505859375
2017-12-22,75.9660415649414
2017-12-26,75.87980651855469
2017-12-27,75.98326873779297
2017-12-28,76.12123107910156
2017-12-29,75.97467041015625
2018-01-02,76.55237579345703
2018-01-03,77.00938415527344
2018-01-04,77.35427856445312
2018-01-05,77.96649169921875
2018-01-08,77.77677917480469
2018-01-09,77.95787048339844
2018-01-10,77.77677917480469
2018-01-11,78.3200454711914
2018-01-12,79.0270767211914
2018-01-16,78.88912200927734
2018-01-17,79.36337280273438
2018-01-18,79.216796875
2018-01-19,79.57894897460938
2018-01-22,80.13077545166016
2018-01-23,80.38947296142578
2018-01-24,80.54468536376953
2018-01-25,80.43257904052734
2018-01-26,81.11377716064453
2018-01-29,80.59642791748047
2018-01-30,79.77725219726562
2018-01-31,79.91522216796875
2018-02-01,79.9066162109375
2018-02-02,78.22518157958984
2018-02-05,74.9312973022461
2018-02-06,76.32818603515625
2018-02-07,75.79358673095703
2018-02-08,73.31886291503906
2018-02-09,74.28460693359375
2018-02-12,75.12962341308594
2018-02-13,75.25896453857422
2018-02-14,76.46614074707031
2018-02-15,77.16458129882812
2018-02-16,77.33706665039062
2018-02-20,76.74208068847656
2018-02-21,76.267822265625
2018-02-22,76.47477722167969
2018-02-23,77.5526123046875
2018-02-26,78.2855453491211
2018-02-27,77.1473617553711
2018-02-28,76.4316635131836
2018-03-01,75.42280578613281
2018-03-02,75.66423797607422
2018-03-05,76.44891357421875
2018-03-06,76.6558609008789
2018-03-07,76.68170928955078
2018-03-08,76.95763397216797
2018-03-09,77.84577178955078
2018-03-12,77.92338562011719
2018-03-13,77.3801498413086
2018-03-14,77.25942993164062
2018-03-15,77.18183135986328
2018-03-16,77.19046020507812
2018-03-19,76.33680725097656
2018-03-20,76.38854217529297
2018-03-21,76.38854217529297
2018-03-22,74.68986511230469
2018-03-23,73.49995422363281
2018-03-26,75.1554946899414
2018-03-27,74.01728820800781
2018-03-28,74.12078094482422
2018-03-29,75.12962341308594
2018-04-02,73.54306030273438
2018-04-03,74.25872802734375
2018-04-04,74.8192138671875
2018-04-05,75.42280578613281
2018-04-06,74.2932357788086
2018-04-09,74.71572875976562
2018-04-10,75.79358673095703
2018-04-11,75.42280578613281
2018-04-12,75.90567016601562
2018-04-13,75.70735168457031
2018-04-16,76.19884490966797
2018-04-17,76.9059066772461
2018-04-18,77.078369140625
2018-04-19,76.63859558105469
2018-04-20,76.11261749267578
2018-04-23,76.0608901977539
2018-04-24,75.37106323242188
2018-04-25,75.31932830810547
2018-04-26,76.0608901977539
2018-04-27,76.05224609375
2018-04-30,75.69011688232422
2018-05-01,75.70735168457031
2018-05-02,75.30207824707031
2018-05-03,75.40555572509766
2018-05-04,75.94877624511719
2018-05-07,76.20745086669922
2018-05-08,76.13848876953125
2018-05-09,76.68170928955078
2018-05-10,77.31117248535156
2018-05-11,77.48361206054688
2018-05-14,77.6733169555664
2018-05-15,77.078369140625
2018-05-16,77.31978607177734
2018-05-17,77.39739990234375
2018-05-18,77.1473617553711
2018-05-21,77.6043472290039
2018-05-22,77.51812744140625
2018-05-23,77.22492980957031
2018-05-24,77.078369140625
2018-05-25,76.85417175292969
2018-05-29,75.76771545410156
2018-05-30,76.73345947265625
2018-05-31,76.19023132324219
2018-06-01,77.01799774169922
2018-06-04,77.2939453125
2018-06-05,77.28530883789062
2018-06-06,77.99236297607422
2018-06-07,77.7423095703125
2018-06-08,78.02686309814453
2018-06-11,78.23379516601562
2018-06-12,78.19932556152344
2018-06-13,77.99236297607422
2018-06-14,78.06135559082031
2018-06-15,77.92338562011719
2018-06-18,77.5698471069336
2018-06-19,77.19731903076172
2018-06-20,77.30198669433594
2018-06-21,76.84832763671875
2018-06-22,77.2147445678711
2018-06-25,76.20267486572266
2018-06-26,76.30736541748047
2018-06-27,75.64427185058594
2018-06-28,76.0543441772461
2018-06-29,76.30736541748047
2018-07-02,76.1590347290039
2018-07-03,75.8624038696289
2018-07-05,76.65636444091797
2018-07-06,77.25837707519531
2018-07-09,77.79059600830078
2018-07-10,78.08722686767578
2018-07-11,77.11876678466797
2018-07-12,77.82548522949219
2018-07-13,77.99124908447266
2018-07-16,77.8167724609375
2018-07-17,78.06107330322266
2018-07-18,78.2791976928711
2018-07-19,77.9127426147461
2018-07-20,78.13957214355469
2018-07-23,78.1483154296875
2018-07-24,78.49730682373047
2018-07-25,79.10803985595703
2018-07-26,78.9771728515625
2018-07-27,78.58455657958984
2018-07-30,78.34899139404297
2018-07-31,78.60198211669922
2018-08-01,78.37515258789062
2018-08-02,78.54964447021484
2018-08-03,78.76776123046875
2018-08-06,78.84630584716797
2018-08-07,79.16911315917969
2018-08-08,79.21273040771484
2018-08-09,78.92481994628906
2018-08-10,78.03488159179688
2018-08-13,77.78186798095703
2018-08-14,78.06107330322266
2018-08-15,77.35435485839844
2018-08-16,77.89527893066406
2018-08-17,78.17448425292969
2018-08-20,78.50601959228516
2018-08-21,78.87246704101562
2018-08-22,78.9771728515625
2018-08-23,78.75904846191406
2018-08-24,79.1429443359375
2018-08-27,79.89330291748047
2018-08-28,79.83220672607422
2018-08-29,80.26844787597656
2018-08-30,79.88455200195312
2018-08-31,79.50066375732422
2018-09-04,79.18657684326172
2018-09-05,78.79393768310547
2018-09-06,78.63689422607422
2018-09-07,78.24427795410156
2018-09-10,78.45367431640625
2018-09-11,78.7416000366211
2018-09-12,78.92481994628906
2018-09-13,79.43959045410156
2018-09-14,79.49195861816406
2018-09-17,79.21273040771484
2018-09-18,79.65771484375
2018-09-19,79.96307373046875
2018-09-20,80.71340942382812
2018-09-21,80.70467376708984
2018-09-24,80.3818588256836
2018-09-25,80.3033447265625
2018-09-26,80.3382339477539
2018-09-27,80.3033447265625
2018-09-28,80.09394836425781
2018-10-01,80.3818588256836
2018-10-02,80.03286743164062
2018-10-03,80.17247009277344
2018-10-04,79.28254699707031
2018-10-05,78.96843719482422
2018-10-08,78.628173828125
2018-10-09,78.48857116699219
2018-10-10,76.46441650390625
2018-10-11,74.92884826660156
2018-10-12,75.76642608642578
2018-10-15,75.32146453857422
2018-10-16,76.83959197998047
2018-10-17,76.64762878417969
2018-10-18,75.55703735351562
2018-10-19,75.66175079345703
2018-10-22,75.478515625
2018-10-23,74.8503189086914
2018-10-24,72.66039276123047
2018-10-25,73.82952880859375
2018-10-26,72.80872344970703
2018-10-29,72.46843719482422
2018-10-30,73.50670623779297
2018-10-31,74.37918853759766
2018-11-01,75.09461212158203
2018-11-02,74.84159088134766
2018-11-05,75.18187713623047
2018-11-06,75.53086853027344
2018-11-07,76.9006576538086
2018-11-08,76.41207122802734
2018-11-09,75.97582244873047
2018-11-12,74.42281341552734
2018-11-13,74.61476135253906
2018-11-14,74.16978454589844
2018-11-15,74.73690795898438
2018-11-16,74.91139221191406
2018-11-19,73.95166015625
2018-11-20,72.62548828125
2018-11-21,73.24494934082031
2018-11-23,72.66039276123047
2018-11-26,73.55033111572266
2018-11-27,73.67249298095703
2018-11-28,75.29529571533203
2018-11-29,75.06844329833984
2018-11-30,75.21675872802734
2018-12-03,76.21141052246094
2018-12-04,73.89059448242188
2018-12-06,73.65501403808594
2018-12-07,72.33757019042969
2018-12-10,72.18925476074219
2018-12-11,72.1107406616211
2018-12-12,72.88723754882812
2018-12-13,72.73890686035156
2018-12-14,71.49127197265625
2018-12-17,70.3744888305664
2018-12-18,70.40177154541016
2018-12-19,69.60966491699219
2018-12-20,68.59750366210938
2018-12-21,67.34770202636719
2018-12-24,66.04511260986328
2018-12-26,68.21024322509766
2018-12-27,68.88793182373047
2018-12-28,68.99365234375
2018-12-31,69.46927642822266
2019-01-02,69.47808074951172
2019-01-03,68.31542205810547
2019-01-04,70.39411926269531
2019-01-07,70.72001647949219
2019-01-08,71.41585540771484
2019-01-09,71.90911865234375
2019-01-10,72.2350082397461
2019-01-11,72.02361297607422
2019-01-14,71.7593765258789
2019-01-15,72.41117095947266
2019-01-16,72.48164367675781
2019-01-17,73.0013198852539
2019-01-18,73.8028564453125
2019-01-22,72.78992462158203
2019-01-23,72.95726776123047
2019-01-24,73.09820556640625
2019-01-25,73.84687042236328
2019-01-28,73.30078887939453
2019-01-29,73.42411041259766
2019-01-30,74.33132934570312
2019-01-31,74.83338928222656
2019-02-01,74.80695343017578
2019-02-04,75.25618743896484
2019-02-05,75.670166015625
2019-02-06,75.46757507324219
2019-02-07,74.69247436523438
2019-02-08,74.62200164794922
2019-02-11,74.61319732666016
2019-02-12,75.56446075439453
2019-02-13,75.74061584472656
2019-02-14,75.6349105834961
2019-02-15,76.57740020751953
2019-02-19,76.76235961914062
2019-02-20,76.9825668334961
2019-02-21,76.75354766845703
2019-02-22,77.18513488769531
2019-02-25,77.35250091552734
2019-02-26,77.4405746459961
2019-02-27,77.24681091308594
2019-02-28,77.06184387207031
2019-03-01,77.57270050048828
2019-03-04,77.23800659179688
2019-03-05,77.23800659179688
2019-03-06,76.83282470703125
2019-03-07,76.07533264160156
2019-03-08,75.96083068847656
2019-03-11,76.95613861083984
2019-03-12,77.10588073730469
2019-03-13,77.7224349975586
2019-03-14,77.58151245117188
2019-03-15,78.1716537475586
2019-03-18,78.47993469238281
2019-03-19,78.50634002685547
2019-03-20,78.34781646728516
2019-03-21,78.9027328491211
2019-03-22,77.3613052368164
2019-03-25,77.3701171875
2019-03-26,77.8897933959961
2019-03-27,77.61675262451172
2019-03-28,77.78409576416016
2019-03-29,78.20689392089844
2019-04-01,79.11410522460938
2019-04-02,79.14054107666016
2019-04-03,79.44882202148438
2019-04-04,79.51929473876953
2019-04-05,79.81876373291016
2019-04-08,79.9068374633789
2019-04-09,79.44882202148438
2019-04-10,79.7306900024414
2019-04-11,79.69546508789062
2019-04-12,80.21512603759766
2019-04-15,80.19752502441406
2019-04-16,80.25914764404297
2019-04-17,80.21512603759766
2019-04-18,80.33842468261719
2019-04-22,80.34725189208984
2019-04-23,80.77002716064453
2019-04-24,80.48817443847656
2019-04-25,80.42650604248047
2019-04-26,80.79647064208984
2019-04-29,80.92858123779297
2019-04-30,81.11354064941406
2019-05-01,80.42650604248047
2019-05-02,80.29439544677734
2019-05-03,81.14878845214844
2019-05-06,80.62910461425781
2019-05-07,79.26384735107422
2019-05-08,79.2374267578125
2019-05-09,78.8851089477539
2019-05-10,79.2286148071289
2019-05-13,77.44940185546875
2019-05-14,78.13640594482422
2019-05-15,78.612060546875
2019-05-16,79.2374267578125
2019-05-17,78.83226776123047
2019-05-20,78.27734375
2019-05-21,78.91152954101562
2019-05-22,78.6825180053711
2019-05-23,77.7664794921875
2019-05-24,78.18926239013672
2019-05-28,77.51985168457031
2019-05-29,76.93850708007812
2019-05-30,77.18513488769531
2019-05-31,76.41883850097656
2019-06-03,76.22508239746094
2019-06-04,77.74886322021484
2019-06-05,78.14522552490234
2019-06-06,78.47993469238281
2019-06-07,79.4664535522461
2019-06-10,79.87161254882812
2019-06-11,79.7571029663086
2019-06-12,79.5897445678711
2019-06-13,79.72187042236328
2019-06-14,79.49284362792969
2019-06-17,79.4607162475586
2019-06-18,80.37139892578125
2019-06-19,80.72850799560547
2019-06-20,81.4874267578125
2019-06-21,81.2463607788086
2019-06-24,81.27313232421875
2019-06-25,80.60352325439453
2019-06-26,80.60352325439453
2019-06-27,80.82672882080078
2019-06-28,81.26421356201172
2019-07-01,81.8266830444336
2019-07-02,82.08560943603516
2019-07-03,82.65699768066406
2019-07-05,82.45165252685547
2019-07-08,82.04988098144531
2019-07-09,81.96060180664062
2019-07-10,82.36238098144531
2019-07-11,82.54986572265625
2019-07-12,82.79092407226562
2019-07-15,82.74628448486328
2019-07-16,82.49629974365234
2019-07-17,82.20167541503906
2019-07-18,82.35343170166016
2019-07-19,82.0230941772461
2019-07-22,82.26416778564453
2019-07-23,82.79092407226562
2019-07-24,83.07662963867188
2019-07-25,82.45165252685547
2019-07-26,83.07662963867188
2019-07-29,82.98733520507812
2019-07-30,82.45165252685547
2019-07-31,82.01416015625
2019-08-01,81.10350799560547
2019-08-02,80.46068572998047
2019-08-05,78.39826202392578
2019-08-06,79.08574676513672
2019-08-07,79.5232162475586
2019-08-08,80.63923645019531
2019-08-09,80.20176696777344
2019-08-12,79.18395233154297
2019-08-13,80.27318572998047
2019-08-14,78.03221130371094
2019-08-15,78.21076965332031
2019-08-16,79.01431274414062
2019-08-19,79.8178482055664
2019-08-20,79.38037872314453
2019-08-21,80.09461212158203
2019-08-22,79.85355377197266
2019-08-23,78.13934326171875
2019-08-26,78.96074676513672
2019-08-27,78.78217315673828
2019-08-28,79.08574676513672
2019-08-29,80.01427459716797
2019-08-30,80.21067810058594
2019-09-03,79.71964263916016
2019-09-04,80.666015625
2019-09-05,81.57669067382812
2019-09-06,81.71062469482422
2019-09-09,81.73738861083984
2019-09-10,81.9427490234375
2019-09-11,82.21060180664062
2019-09-12,82.6480941772461
2019-09-13,82.6302261352539
2019-09-16,82.39807891845703
2019-09-17,82.67486572265625
2019-09-18,82.72842407226562
2019-09-19,82.82664489746094
2019-09-20,82.47842407226562
2019-09-23,82.33560943603516
2019-09-24,81.84453582763672
2019-09-25,82.07667541503906
2019-09-26,82.1213150024414
2019-09-27,81.7641830444336
2019-09-30,81.9427490234375
2019-10-01,81.08563995361328
2019-10-02,79.47857666015625
2019-10-03,80.2642593383789
2019-10-04,81.05886840820312
2019-10-07,81.01422119140625
2019-10-08,79.85355377197266
2019-10-09,80.33568572998047
2019-10-10,81.04100036621094
2019-10-11,82.09452819824219
2019-10-14,81.95169830322266
2019-10-15,82.77307891845703
2019-10-16,82.5945053100586
2019-10-17,83.08556365966797
2019-10-18,82.71949768066406
2019-10-21,83.21053314208984
2019-10-22,82.844482421875
2019-10-23,83.24626159667969
2019-10-24,83.469482421875
2019-10-25,83.67481231689453
2019-10-28,84.01409149169922
2019-10-29,84.1123046875
2019-10-30,84.42479705810547
2019-10-31,84.03192901611328
2019-11-01,84.91582489013672
2019-11-04,85.1926040649414
2019-11-05,85.21939849853516
2019-11-06,85.24617004394531
2019-11-07,85.4068832397461
2019-11-08,85.49617004394531
2019-11-11,85.4426040649414
2019-11-12,85.57652282714844
2019-11-13,85.53187561035156
2019-11-14,85.41580963134766
2019-11-15,86.13899993896484
2019-11-18,86.05865478515625
2019-11-19,86.13006591796875
2019-11-20,85.71937561035156
2019-11-21,85.50508880615234
2019-11-22,85.68366241455078
2019-11-25,86.36219787597656
2019-11-26,86.4336166381836
2019-11-27,86.91575622558594
2019-11-29,86.38898468017578
2019-12-02,85.84435272216797
2019-12-03,85.36223602294922
2019-12-04,85.94258117675781
2019-12-05,86.04971313476562
2019-12-06,86.69254302978516
2019-12-09,86.38005828857422
2019-12-10,86.34434509277344
2019-12-11,86.7371826171875
2019-12-12,87.27286529541016
2019-12-13,87.66571044921875
2019-12-16,88.37315368652344
2019-12-17,88.1117935180664
2019-12-18,88.0577392578125
2019-12-19,88.35513305664062
2019-12-20,88.77870178222656
2019-12-23,88.75167846679688
2019-12-24,88.79673767089844
2019-12-26,89.13018035888672
2019-12-27,89.28338623046875
2019-12-30,88.61649322509766
2019-12-31,89.02204132080078
2020-01-02,89.69794464111328
2020-01-03,88.94092559814453
2020-01-06,89.44560241699219
2020-01-07,89.2112808227539
2020-01-08,89.463623046875
2020-01-09,89.97733306884766
2020-01-10,89.61683654785156
2020-01-13,90.19361877441406
2020-01-14,90.01337432861328
2020-01-15,90.13953399658203
2020-01-16,90.86050415039062
2020-01-17,91.16693878173828
2020-01-21,90.68927001953125
2020-01-22,90.85150146484375
2020-01-23,90.77942657470703
2020-01-24,90.17558288574219
2020-01-27,88.634521484375
2020-01-28,89.45462036132812
2020-01-29,89.48165893554688
2020-01-30,89.61683654785156
2020-01-31,88.07576751708984
2020-02-03,88.55341339111328
2020-02-04,90.13052368164062
2020-02-05,90.9686508178711
2020-02-06,91.29309844970703
2020-02-07,90.68927001953125
2020-02-10,91.14891052246094
2020-02-11,91.5724868774414
2020-02-12,92.03209686279297
2020-02-13,91.73469543457031
2020-02-14,91.85186004638672
2020-02-18,91.59049987792969
2020-02-19,91.95098876953125
2020-02-20,91.56346130371094
2020-02-21,90.92361450195312
2020-02-24,87.76934051513672
2020-02-25,85.41717529296875
2020-02-26,85.16484069824219
2020-02-27,81.9835433959961
2020-02-28,80.81197357177734
2020-03-02,84.02029418945312
2020-03-03,82.12773132324219
2020-03-04,85.25495147705078
2020-03-05,82.66846466064453
2020-03-06,81.37972259521484
2020-03-09,74.63863372802734
2020-03-10,78.00016021728516
2020-03-11,74.11593627929688
2020-03-12,66.38351440429688
2020-03-13,71.76374816894531
2020-03-16,63.5987548828125
2020-03-17,67.20362091064453
2020-03-18,63.46357345581055
2020-03-19,63.94121551513672
2020-03-20,61.850399017333984
2020-03-23,60.73289489746094
2020-03-24,66.25733184814453
2020-03-25,67.44695281982422
2020-03-26,71.2140121459961
2020-03-27,69.05110931396484
2020-03-30,70.86254119873047
2020-03-31,70.231689453125
2020-04-01,67.0504150390625
2020-04-02,68.42926788330078
2020-04-03,67.38385772705078
2020-04-06,71.6375961303711
2020-04-07,71.76374816894531
2020-04-08,73.47606658935547
2020-04-09,74.81889343261719
2020-04-13,74.18803405761719
2020-04-14,76.05355834960938
2020-04-15,74.33222961425781
2020-04-16,74.5304946899414
2020-04-17,76.48614501953125
2020-04-20,75.39566802978516
2020-04-21,73.32286071777344
2020-04-22,74.77383422851562
2020-04-23,74.73777770996094
2020-04-24,75.56688690185547
2020-04-27,76.70242309570312
2020-04-28,76.74748229980469
2020-04-29,78.77522277832031
2020-04-30,77.82894134521484
2020-05-01,75.81922149658203
2020-05-04,75.97244262695312
2020-05-05,76.38700866699219
2020-05-06,75.8823013305664
2020-05-07,76.88267517089844
2020-05-08,78.41472625732422
2020-05-11,78.45980834960938
2020-05-12,76.99080657958984
2020-05-13,75.79218292236328
2020-05-14,76.15267944335938
2020-05-15,76.48614501953125
2020-05-18,78.95545196533203
2020-05-19,78.10832214355469
2020-05-20,79.54125213623047
2020-05-21,78.80226135253906
2020-05-22,78.82028198242188
2020-05-26,80.28924560546875
2020-05-27,81.45183563232422
2020-05-28,81.60502624511719
2020-05-29,81.74022674560547
2020-06-01,82.60538482666016
2020-06-02,83.3443832397461
2020-06-03,84.66915130615234
2020-06-04,84.34471893310547
2020-06-05,86.27334594726562
2020-06-08,87.32775115966797
2020-06-09,86.51666259765625
2020-06-10,86.20124816894531
2020-06-11,81.3076400756836
2020-06-12,82.48822021484375
2020-06-15,83.1518783569336
2020-06-16,84.53561401367188
2020-06-17,84.45368957519531
2020-06-18,84.38996124267578
2020-06-19,83.96208953857422
2020-06-22,84.6539535522461
2020-06-23,85.02720642089844
2020-06-24,82.83324432373047
2020-06-25,83.88015747070312
2020-06-26,82.07765197753906
2020-06-29,83.06995391845703
2020-06-30,83.88015747070312
2020-07-01,84.3535385131836
2020-07-02,84.99079132080078
2020-07-06,86.30171203613281
2020-07-07,85.40045928955078
2020-07-08,86.12873840332031
2020-07-09,85.55521392822266
2020-07-10,86.42005157470703
2020-07-13,85.64624786376953
2020-07-14,86.8296890258789
2020-07-15,87.74006652832031
2020-07-16,87.33950805664062
2020-07-17,87.6217041015625
2020-07-20,88.30449676513672
2020-07-21,88.47745513916016
2020-07-22,88.90532684326172
2020-07-23,87.90391540527344
2020-07-24,87.35769653320312
2020-07-27,88.19525146484375
2020-07-28,87.6217041015625
2020-07-29,88.64132690429688
2020-07-30,88.11331176757812
2020-07-31,87.98585510253906
2020-08-03,88.9326400756836
2020-08-04,89.35140991210938
2020-08-05,89.8976058959961
2020-08-06,90.2708511352539
2020-08-07,89.98863983154297
2020-08-10,90.25263977050781
2020-08-11,89.87940216064453
2020-08-12,91.34507751464844
2020-08-13,91.25403594970703
2020-08-14,91.00825500488281
2020-08-17,91.61819458007812
2020-08-18,91.73652648925781
2020-08-19,91.31776428222656
2020-08-20,91.50892639160156
2020-08-21,91.5726547241211
2020-08-24,92.48299407958984
2020-08-25,92.77433776855469
2020-08-26,93.6209716796875
2020-08-27,93.50261688232422
2020-08-28,94.05792236328125
2020-08-31,93.73020935058594
2020-09-01,94.53131103515625
2020-09-02,95.6237564086914
2020-09-03,92.71060180664062
2020-09-04,92.08245849609375
2020-09-08,89.94313049316406
2020-09-09,91.59086608886719
2020-09-10,90.24354553222656
2020-09-11,90.480224609375
2020-09-14,91.6819076538086
2020-09-15,92.22811126708984
2020-09-16,91.92769622802734
2020-09-17,91.37239074707031
2020-09-18,90.58948516845703
2020-09-21,89.07828521728516
2020-09-22,89.67912292480469
2020-09-23,87.89482116699219
2020-09-24,88.09510040283203
2020-09-25,89.17842864990234
2020-09-28,90.6167984008789
2020-09-29,90.31636810302734
2020-09-30,90.59856414794922
2020-10-01,91.15390014648438
2020-10-02,90.48934173583984
2020-10-05,92.10977172851562
2020-10-06,91.00825500488281
2020-10-07,92.27364349365234
2020-10-08,92.9563980102539
2020-10-09,93.67558288574219
2020-10-12,94.85904693603516
2020-10-13,94.2855224609375
2020-10-14,93.7029037475586
2020-10-15,93.31143188476562
2020-10-16,93.42069244384766
2020-10-19,92.30094909667969
2020-10-20,92.71971130371094
2020-10-21,92.34647369384766
2020-10-22,92.71971130371094
2020-10-23,93.165771484375
2020-10-26,91.4543228149414
2020-10-27,90.99913024902344
2020-10-28,88.02228546142578
2020-10-29,88.77786254882812
2020-10-30,87.87662506103516
2020-11-02,88.90532684326172
2020-11-03,90.80796813964844
2020-11-04,92.51942443847656
2020-11-05,94.4766845703125
2020-11-06,94.60414123535156
2020-11-09,96.03340911865234
2020-11-10,96.25188446044922
2020-11-11,96.92556762695312
2020-11-12,95.92416381835938
2020-11-13,97.11672973632812
2020-11-16,98.25466918945312
2020-11-17,97.99065399169922
2020-11-18,97.15314483642578
2020-11-19,97.74486541748047
2020-11-20,97.46265411376953
2020-11-23,97.82679748535156
2020-11-24,99.37440490722656
2020-11-25,99.29247283935547
2020-11-27,99.73853302001953
2020-11-30,99.17415618896484
2020-12-01,100.24836730957031
2020-12-02,100.3484878540039
2020-12-03,100.430419921875
2020-12-04,101.43180847167969
2020-12-07,101.05856323242188
2020-12-08,101.38629913330078
2020-12-09,100.75814819335938
2020-12-10,100.84918212890625
2020-12-11,100.56697845458984
2020-12-14,100.56149291992188
2020-12-15,101.65263366699219
2020-12-16,101.89104461669922
2020-12-17,102.67964172363281
2020-12-18,102.36786651611328
2020-12-21,101.67097473144531
2020-12-22,101.59761810302734
2020-12-23,101.90021514892578
2020-12-24,102.1844711303711
2020-12-28,102.7896499633789
2020-12-29,102.82634735107422
2020-12-30,102.96387481689453
2020-12-31,103.07392120361328
2021-01-04,102.35869598388672
2021-01-05,103.14725494384766
2021-01-06,103.77079010009766
2021-01-07,104.96282958984375
2021-01-08,105.73303985595703
2021-01-11,104.76107788085938
2021-01-12,105.05451202392578
2021-01-13,105.21955871582031
2021-01-14,105.13703918457031
2021-01-15,104.11922454833984
2021-01-19,104.96282958984375
2021-01-20,106.20068359375
2021-01-21,106.1823501586914
2021-01-22,105.76973724365234
2021-01-25,106.01730346679688
2021-01-26,105.87059783935547
2021-01-27,103.33065795898438
2021-01-28,104.04586029052734
2021-01-29,102.23031616210938
2021-02-01,103.77079010009766
2021-02-02,105.08201599121094
2021-02-03,105.21955871582031
2021-02-04,106.1364974975586
2021-02-05,106.54911804199219
2021-02-08,107.38356018066406
2021-02-09,107.6769790649414
2021-02-10,107.56694030761719
2021-02-11,107.9337158203125
2021-02-12,108.45638275146484
2021-02-16,108.71312713623047
2021-02-17,108.52973175048828
2021-02-18,107.96124267578125
2021-02-19,107.96124267578125
2021-02-22,107.25518035888672
2021-02-23,107.24601745605469
2021-02-24,108.09877014160156
2021-02-25,105.79723358154297
2021-02-26,104.77943420410156
2021-03-01,107.17264556884766
2021-03-02,106.7600326538086
2021-03-03,105.28375244140625
2021-03-04,104.01836395263672
2021-03-05,105.4946517944336
2021-03-08,104.97198486328125
2021-03-09,106.60415649414062
2021-03-10,107.2093276977539
2021-03-11,108.20880889892578
2021-03-12,108.30048370361328
2021-03-15,108.77730560302734
2021-03-16,108.92403411865234
2021-03-17,109.30915069580078
2021-03-18,107.7870101928711
2021-03-19,107.82368469238281
2021-03-22,108.29132080078125
2021-03-23,107.2826919555664
2021-03-24,106.69583129882812
2021-03-25,107.31018829345703
2021-03-26,108.65809631347656
2021-03-29,108.51139068603516
2021-03-30,108.27298736572266
2021-03-31,108.64894104003906
2021-04-01,109.83180236816406
2021-04-05,111.3355941772461
2021-04-06,111.06050872802734
2021-04-07,111.12468719482422
2021-04-08,111.89492797851562
2021-04-09,112.38090515136719
2021-04-12,112.30756378173828
2021-04-13,112.88524627685547
2021-04-14,112.50011444091797
2021-04-15,113.7104721069336
2021-04-16,114.10476684570312
2021-04-19,113.63712310791016
2021-04-20,112.51844787597656
2021-04-21,113.49040985107422
2021-04-22,112.71101379394531
2021-04-23,113.90303802490234
2021-04-26,114.12310028076172
2021-04-27,114.04058074951172
2021-04-28,114.11392974853516
2021-04-29,114.480712890625
2021-04-30,113.34368896484375
2021-05-03,113.93971252441406
2021-05-04,112.83939361572266
2021-05-05,113.28868103027344
2021-05-06,114.16895294189453
2021-05-07,115.28764343261719
2021-05-10,114.26065063476562
2021-05-11,113.06861877441406
2021-05-12,110.80374908447266
2021-05-13,112.0416488647461
2021-05-14,113.83885192871094
2021-05-17,113.43537902832031
2021-05-18,113.08695220947266
2021-05-19,112.47261810302734
2021-05-20,113.85718536376953
2021-05-21,113.86636352539062
2021-05-24,114.89334106445312
2021-05-25,114.67327117919922
2021-05-26,114.83831024169922
2021-05-27,114.93919372558594
2021-05-28,115.1684341430664
2021-06-01,115.28764343261719
2021-06-02,115.48934173583984
2021-06-03,115.0125503540039
2021-06-04,116.06703186035156
2021-06-07,116.25959777832031
2021-06-08,116.26876068115234
2021-06-09,116.06703186035156
2021-06-10,116.52638244628906
2021-06-11,116.85909271240234
2021-06-14,117.06243133544922
2021-06-15,116.83136749267578
2021-06-16,116.21214294433594
2021-06-17,116.0180435180664
2021-06-18,114.24353790283203
2021-06-21,115.78700256347656
2021-06-22,116.21214294433594
2021-06-23,115.9163818359375
2021-06-24,116.84061431884766
2021-06-25,117.14559173583984
2021-06-28,117.08091735839844
2021-06-29,117.17332458496094
2021-06-30,116.97924041748047
2021-07-01,117.4321060180664
2021-07-02,118.15299987792969
2021-07-06,117.82028198242188
2021-07-07,118.25467681884766
2021-07-08,116.93302917480469
2021-07-09,118.50422668457031
2021-07-12,119.0125503540039
2021-07-13,118.39331817626953
2021-07-14,118.67057037353516
2021-07-15,118.02362823486328
2021-07-16,117.16407775878906
2021-07-19,115.36184692382812
2021-07-20,116.83136749267578
2021-07-21,118.10680389404297
2021-07-22,118.2916488647461
2021-07-23,119.40071868896484
2021-07-26,119.47465515136719
2021-07-27,119.05874633789062
2021-07-28,119.27132415771484
2021-07-29,119.89055633544922
2021-07-30,119.06800079345703
2021-08-02,119.25283813476562
2021-08-03,120.03843688964844
2021-08-04,119.65948486328125
2021-08-05,120.3896255493164
2021-08-06,120.19554901123047
2021-08-09,120.21404266357422
2021-08-10,120.35267639160156
2021-08-11,120.78704833984375
2021-08-12,121.0365982055664
2021-08-13,121.40629577636719
2021-08-16,121.36932373046875
2021-08-17,120.4450912475586
2021-08-18,119.4561538696289
2021-08-19,119.0125503540039
2021-08-20,119.87206268310547
2021-08-23,121.00886535644531
2021-08-24,121.24915313720703
2021-08-25,121.44325256347656
2021-08-26,120.79629516601562
2021-08-27,121.84068298339844
2021-08-30,122.20112609863281
2021-08-31,122.01629638671875
2021-09-01,122.4136962890625
2021-09-02,122.80184936523438
2021-09-03,122.96822357177734
2021-09-07,122.65399932861328
2021-09-08,122.26581573486328
2021-09-09,121.84991455078125
2021-09-10,121.15672302246094
2021-09-13,121.5726318359375
2021-09-14,120.9903793334961
2021-09-15,121.72049713134766
2021-09-16,121.544921875
2021-09-17,120.29720306396484
2021-09-20,118.263916015625
2021-09-21,118.46723937988281
2021-09-22,119.51161193847656
2021-09-23,120.89793395996094
2021-09-24,120.68538665771484
2021-09-27,120.43584442138672
2021-09-28,117.86650085449219
2021-09-29,117.85726165771484
2021-09-30,116.8775863647461
2021-10-01,117.82954406738281
2021-10-04,116.46167755126953
2021-10-05,117.3951416015625
2021-10-06,117.6261978149414
2021-10-07,118.6151123046875
2021-10-08,118.4857406616211
2021-10-11,117.85726165771484
2021-10-12,117.6539306640625
2021-10-13,118.31938934326172
2021-10-14,120.20478820800781
2021-10-15,121.07356262207031
2021-10-18,121.24915313720703
2021-10-19,122.09944915771484
2021-10-20,122.47840118408203
2021-10-21,122.5985336303711
2021-10-22,122.68173217773438
2021-10-25,123.0237045288086
2021-10-26,123.19003295898438
2021-10-27,122.58006286621094
2021-10-28,123.71685791015625
2021-10-29,123.69835662841797
2021-11-01,124.22518920898438
2021-11-02,124.48395538330078
2021-11-03,125.34349060058594
2021-11-04,125.6207504272461
2021-11-05,126.02742004394531
2021-11-08,126.11060333251953
2021-11-09,125.73167419433594
2021-11-10,124.49320220947266
2021-11-11,124.7612533569336
2021-11-12,125.72242736816406
2021-11-15,125.6207504272461
2021-11-16,125.92575073242188
2021-11-17,125.59302520751953
2021-11-18,125.89804077148438
2021-11-19,125.34349060058594
2021-11-22,124.6965103149414
2021-11-23,124.70575714111328
2021-11-24,124.79821014404297
2021-11-26,121.9977798461914
2021-11-29,123.06989288330078
2021-11-30,121.16598510742188
2021-12-01,119.73342895507812
2021-12-02,121.43401336669922
2021-12-03,120.51902770996094
2021-12-06,121.76673126220703
2021-12-07,124.30835723876953
2021-12-08,124.73348999023438
2021-12-09,123.66140747070312
2021-12-10,124.3823013305664
2021-12-13,123.29788208007812
2021-12-14,122.31118774414062
2021-12-15,124.1728515625
2021-12-16,123.57711791992188
2021-12-17,122.26465606689453
2021-12-20,121.2407455444336
2021-12-21,123.19547271728516
2021-12-22,124.28455352783203
2021-12-23,125.1781234741211
2021-12-27,126.55580139160156
2021-12-28,126.42545318603516
2021-12-29,126.50923919677734
2021-12-30,126.32951354980469
2021-12-31,126.03145599365234
2022-01-03,126.71134948730469
2022-01-04,126.71134948730469
2022-01-05,124.58785247802734
2022-01-06,124.3550033569336
2022-01-07,124.04766845703125
2022-01-10,123.535400390625
2022-01-11,124.82068634033203
2022-01-12,125.37020111083984
2022-01-13,123.85208129882812
2022-01-14,123.87069702148438
2022-01-18,121.64476013183594
2022-01-19,120.76927185058594
2022-01-20,119.64234161376953
2022-01-21,117.52814483642578
2022-01-24,117.44432067871094
2022-01-25,116.2801284790039
2022-01-26,115.879638671875
2022-01-27,115.26496124267578
2022-01-28,117.29531860351562
2022-01-31,119.5119400024414
2022-02-01,120.4898681640625
2022-02-02,121.49573516845703
2022-02-03,118.87861633300781
2022-02-04,119.4188232421875
2022-02-07,119.26979064941406
2022-02-08,120.12664031982422
2022-02-09,121.96141815185547
2022-02-10,120.06146240234375
2022-02-11,117.94725799560547
2022-02-14,117.45364379882812
2022-02-15,119.49332427978516
2022-02-16,119.70753479003906
2022-02-17,117.38845825195312
2022-02-18,116.51298522949219
2022-02-22,115.125244140625
2022-02-23,113.45812225341797
2022-02-24,114.01692199707031
2022-02-25,116.68062591552734
2022-02-28,116.0286636352539
2022-03-01,114.14730834960938
2022-03-02,116.0286636352539
2022-03-03,114.7806396484375
2022-03-04,113.243896484375
2022-03-07,109.85375213623047
2022-03-08,109.48121643066406
2022-03-09,112.85272979736328
2022-03-10,112.16352081298828
2022-03-11,110.7385482788086
2022-03-14,110.3008041381836
2022-03-15,112.38704681396484
2022-03-16,115.33014678955078
2022-03-17,116.54090118408203
2022-03-18,118.04039764404297
2022-03-21,117.91932678222656
2022-03-22,119.28842163085938
2022-03-23,117.80755615234375
2022-03-24,119.26048278808594
2022-03-25,119.62370300292969
2022-03-28,120.15457153320312
2022-03-29,122.01729583740234
2022-03-30,121.24427032470703
2022-03-31,119.36293029785156
2022-04-01,119.96831512451172
2022-04-04,120.82514953613281
2022-04-05,119.22322082519531
2022-04-06,117.91932678222656
2022-04-07,118.43157958984375
2022-04-08,118.08695983886719
2022-04-11,116.31739807128906
2022-04-12,115.7864990234375
2022-04-13,117.24873352050781
2022-04-14,116.05659484863281
2022-04-18,115.66543579101562
2022-04-19,117.1090316772461
2022-04-20,117.27667999267578
2022-04-21,115.52572631835938
2022-04-22,112.67577362060547
2022-04-25,112.94586944580078
2022-04-26,109.90963745117188
2022-04-27,110.3194351196289
2022-04-28,112.69439697265625
2022-04-29,109.36014556884766
2022-05-02,109.75130462646484
2022-05-03,110.33805847167969
2022-05-04,113.18801879882812
2022-05-05,109.06210327148438
2022-05-06,108.35425567626953
2022-05-09,104.84304809570312
2022-05-10,105.08519744873047
2022-05-11,103.69747161865234
2022-05-12,103.66020965576172
2022-05-13,106.32391357421875
2022-05-16,106.00724792480469
2022-05-17,108.15869140625
2022-05-18,104.34943389892578
2022-05-19,104.3028564453125
2022-05-20,104.6102066040039
2022-05-23,106.4077377319336
2022-05-24,105.64401245117188
2022-05-25,106.42635345458984
2022-05-26,108.28907012939453
2022-05-27,110.52433013916016
2022-05-31,109.84445190429688
2022-06-01,108.97827911376953
2022-06-02,111.18560791015625
2022-06-03,109.35081481933594
2022-06-06,109.74199676513672
2022-06-07,110.65472412109375
2022-06-08,109.38806915283203
2022-06-09,106.8394546508789
2022-06-10,103.8051528930664
2022-06-13,99.8126449584961
2022-06-14,99.31475067138672
2022-06-15,100.95872497558594
2022-06-16,97.93380737304688
2022-06-17,98.01834106445312
2022-06-21,100.056884765625
2022-06-22,99.72810363769531
2022-06-23,100.34810638427734
2022-06-24,103.39181518554688
2022-06-27,103.1381607055664
2022-06-28,101.39086151123047
2022-06-29,101.21236419677734
2022-06-30,100.40446472167969
2022-07-01,101.23115539550781
2022-07-05,100.79902648925781
2022-07-06,101.04327392578125
2022-07-07,102.59329986572266
2022-07-08,102.6308822631836
2022-07-11,101.14661407470703
2022-07-12,100.62993621826172
2022-07-13,100.30113983154297
2022-07-14,99.56838989257812
2022-07-15,101.25933837890625
2022-07-18,100.93993377685547
2022-07-19,103.68302917480469
2022-07-20,103.96485137939453
2022-07-21,105.08275604248047
2022-07-22,104.21849822998047
2022-07-25,104.5754623413086
2022-07-26,103.18513488769531
2022-07-27,105.84368133544922
2022-07-28,107.00855255126953
2022-07-29,108.56797790527344
2022-08-01,108.38948059082031
2022-08-02,107.44068145751953
2022-08-03,108.80282592773438
2022-08-04,108.97191619873047
2022-08-05,108.63372039794922
2022-08-08,108.59615325927734
2022-08-09,108.0512924194336
2022-08-10,110.4468002319336
2022-08-11,110.4749755859375
2022-08-12,112.00623321533203
2022-08-15,112.12834930419922
2022-08-16,112.35380554199219
2022-08-17,111.47076416015625
2022-08-18,111.48014068603516
2022-08-19,109.98648834228516
2022-08-22,107.77886962890625
2022-08-23,107.77886962890625
2022-08-24,108.07948303222656
2022-08-25,109.48859405517578
2022-08-26,106.06912994384766
2022-08-29,105.477294921875
2022-08-30,104.40636444091797
2022-08-31,103.59847259521484
2022-09-01,103.29785919189453
2022-09-02,102.37724304199219
2022-09-06,101.93572235107422
2022-09-07,103.50453186035156
2022-09-08,104.04000091552734
2022-09-09,106.05975341796875
2022-09-12,107.29036712646484
2022-09-13,102.9033203125
2022-09-14,103.30726623535156
2022-09-15,102.25511932373047
2022-09-16,101.46601104736328
2022-09-19,102.05784606933594
2022-09-20,100.80841827392578
2022-09-21,99.192626953125
2022-09-22,98.3659439086914
2022-09-23,96.18651580810547
2022-09-26,95.02163696289062
2022-09-27,94.76799774169922
2022-09-28,96.71257781982422
2022-09-29,95.0404281616211
2022-09-30,93.89434051513672
2022-10-03,96.1958999633789
2022-10-04,99.47444915771484
2022-10-05,99.09868621826172
2022-10-06,97.87744903564453
2022-10-07,95.39739227294922
2022-10-10,94.79618072509766
2022-10-11,93.98828125
2022-10-12,93.69705963134766
2022-10-13,96.1113510131836
2022-10-14,93.90372467041016
2022-10-17,96.31802368164062
2022-10-18,97.35137176513672
2022-10-19,96.52469635009766
2022-10-20,95.8952865600586
2022-10-21,97.96199798583984
2022-10-24,98.7041244506836
2022-10-25,100.57355499267578
2022-10-26,100.32931518554688
2022-10-27,99.8126449584961
2022-10-28,101.71964263916016
2022-10-31,100.91175842285156
2022-11-01,100.9305419921875
2022-11-02,98.61019134521484
2022-11-03,97.64259338378906
2022-11-04,99.69053649902344
2022-11-07,100.45144653320312
2022-11-08,101.1747817993164
2022-11-09,99.2583999633789
2022-11-10,104.73516845703125
2022-11-11,106.17247009277344
2022-11-14,105.11093139648438
2022-11-15,106.02217102050781
2022-11-16,105.33638763427734
2022-11-17,105.06394958496094
2022-11-18,105.45850372314453
2022-11-21,104.82910919189453
2022-11-22,106.3227767944336
2022-11-23,107.14006805419922
2022-11-25,107.2809829711914
2022-11-28,105.69337463378906
2022-11-29,105.59941864013672
2022-11-30,108.44584655761719
2022-12-01,108.80282592773438
2022-12-02,108.68070983886719
2022-12-05,106.74549865722656
2022-12-06,105.50547790527344
2022-12-07,105.37397003173828
2022-12-08,106.13489532470703
2022-12-09,105.59004211425781
2022-12-12,106.66095733642578
2022-12-13,107.748291015625
2022-12-14,107.24673461914062
2022-12-15,104.50239562988281
2022-12-16,103.4046630859375
2022-12-19,102.66653442382812
2022-12-20,102.92205047607422
2022-12-21,104.3415298461914
2022-12-22,103.04505920410156
2022-12-23,103.56554412841797
2022-12-27,103.31949615478516
2022-12-28,102.07981872558594
2022-12-29,103.84944152832031
2022-12-30,103.3857421875
2023-01-03,103.24378967285156
2023-01-04,104.25634765625
2023-01-05,103.03559875488281
2023-01-06,105.46764373779297
2023-01-09,105.59066772460938
2023-01-10,106.16793823242188
2023-01-11,107.32244110107422
2023-01-12,108.15521240234375
2023-01-13,108.63783264160156
2023-01-17,108.62837219238281
2023-01-18,107.37921905517578
2023-01-19,106.6978759765625
2023-01-20,108.41071319580078
2023-01-23,109.489501953125
2023-01-24,109.38542175292969
2023-01-25,109.60307312011719
2023-01-26,110.51155090332031
2023-01-27,110.67242431640625
2023-01-30,109.42328643798828
2023-01-31,110.72920227050781
2023-02-01,111.89318084716797
2023-02-02,113.0193099975586
2023-02-03,111.82693481445312
2023-02-06,111.00364685058594
2023-02-07,112.28117370605469
2023-02-08,111.22129821777344
2023-02-09,110.54940032958984
2023-02-10,110.55886840820312
2023-02-13,111.78907012939453
2023-02-14,111.93104553222656
2023-02-15,112.0918960571289
2023-02-16,110.87116241455078
2023-02-17,110.6061782836914
2023-02-21,108.71353912353516
2023-02-22,108.46749877929688
2023-02-23,108.98796844482422
2023-02-24,107.549560546875
2023-02-27,108.22144317626953
2023-02-28,107.86186218261719
2023-03-01,107.71989440917969
2023-03-02,108.33501434326172
2023-03-03,110.02891540527344
2023-03-06,109.98159790039062
2023-03-07,108.24037170410156
2023-03-08,108.49588775634766
2023-03-09,106.79249572753906
2023-03-10,105.27838897705078
2023-03-13,104.97555541992188
2023-03-14,106.5748519897461
2023-03-15,105.07965850830078
2023-03-16,106.8303451538086
2023-03-17,105.57174682617188
2023-03-20,106.72626495361328
2023-03-21,108.24983215332031
2023-03-22,106.84928131103516
2023-03-23,107.01961517333984
2023-03-24,107.33190155029297
2023-03-27,107.84292602539062
2023-03-28,107.75775146484375
2023-03-29,109.21509552001953
2023-03-30,110.00999450683594
2023-03-31,111.3537826538086
2023-04-03,111.874267578125
2023-04-04,111.44839477539062
2023-04-05,110.9657974243164
2023-04-06,111.36324310302734
2023-04-10,111.46733093261719
2023-04-11,111.60928344726562
2023-04-12,111.5146484375
2023-04-13,113.00983428955078
2023-04-14,112.74486541748047
2023-04-17,112.9057388305664
2023-04-18,113.19910430908203
2023-04-19,113.02876281738281
2023-04-20,112.5840072631836
2023-04-21,112.82058715820312
2023-04-24,112.95306396484375
2023-04-25,111.18344116210938
2023-04-26,110.82383728027344
2023-04-27,112.78273010253906
2023-04-28,113.3599853515625
2023-05-01,113.24641418457031
2023-05-02,112.01619720458984
2023-05-03,111.53358459472656
2023-05-04,110.9941635131836
2023-05-05,112.943603515625
2023-05-08,112.99092102050781
2023-05-09,112.52722930908203
2023-05-10,112.80165100097656
2023-05-11,112.53667449951172
2023-05-12,112.37580871582031
2023-05-15,113.04768371582031
2023-05-16,112.07298278808594
2023-05-17,113.14232635498047
2023-05-18,113.8709945678711
2023-05-19,113.92778015136719
2023-05-22,114.00347900390625
2023-05-23,112.64079284667969
2023-05-24,111.58090209960938
2023-05-25,112.0540542602539
2023-05-26,113.47354888916016
2023-05-30,113.10446166992188
2023-05-31,112.23385620117188
2023-06-01,113.58710479736328
2023-06-02,115.29047393798828
2023-06-05,114.94034576416016
2023-06-06,115.43242645263672
2023-06-07,114.81137084960938
2023-06-08,115.56619262695312
2023-06-09,115.69996643066406
2023-06-12,116.59812927246094
2023-06-13,117.4771728515625
2023-06-14,117.69693756103516
2023-06-15,119.14927673339844
2023-06-16,118.75753021240234
2023-06-20,117.75425720214844
2023-06-21,117.43895721435547
2023-06-22,117.41983795166016
2023-06-23,116.36880493164062
2023-06-26,116.12993621826172
2023-06-27,117.3338623046875
2023-06-28,117.35296630859375
2023-06-29,117.69693756103516
2023-06-30,118.9772720336914
2023-07-03,119.24483489990234
2023-07-05,118.63331604003906
2023-07-06,117.30518341064453
2023-07-07,117.40074157714844
2023-07-10,117.76382446289062
2023-07-11,118.65242767333984
2023-07-12,119.94233703613281
2023-07-13,121.3277816772461
2023-07-14,121.00292205810547
2023-07-17,121.27046203613281
2023-07-18,122.23550415039062
2023-07-19,122.39794158935547
2023-07-20,121.6622085571289
2023-07-21,121.72909545898438
2023-07-24,121.91063690185547
2023-07-25,122.22593688964844
2023-07-26,122.31193542480469
2023-07-27,121.5571060180664
2023-07-28,122.7228012084961
2023-07-31,122.81834411621094
2023-08-01,122.21640014648438
2023-08-02,120.29586029052734
2023-08-03,119.93276977539062
2023-08-04,119.64613342285156
2023-08-07,120.66849517822266
2023-08-08,120.0569839477539
2023-08-09,119.44548034667969
2023-08-10,119.59834289550781
2023-08-11,119.31171417236328
2023-08-14,119.59834289550781
2023-08-15,118.1746826171875
2023-08-16,117.2383041381836
2023-08-17,116.4261245727539
2023-08-18,116.39747619628906
2023-08-21,117.11408996582031
2023-08-22,116.77010345458984
2023-08-23,118.01225280761719
2023-08-24,116.44524383544922
2023-08-25,117.2383041381836
2023-08-28,118.13645935058594
2023-08-29,119.818115234375
2023-08-30,120.28630065917969
2023-08-31,120.1047592163086
2023-09-01,120.305419921875
2023-09-05,119.63656616210938
2023-09-06,118.91040802001953
2023-09-07,118.56641387939453
2023-09-08,118.5950927734375
2023-09-11,119.52190399169922
2023-09-12,118.9390640258789
2023-09-13,118.9772720336914
2023-09-14,120.12387084960938
2023-09-15,119.07283020019531
2023-09-18,118.9772720336914
2023-09-19,118.80528259277344
2023-09-20,117.9358139038086
2023-09-21,115.95794677734375
2023-09-22,115.77640533447266
2023-09-25,115.98661041259766
2023-09-26,114.3431625366211
2023-09-27,114.25718688964844
2023-09-28,115.15533447265625
2023-09-29,114.82091522216797
2023-10-02,114.19029998779297
2023-10-03,112.69017791748047
2023-10-04,113.3494644165039
2023-10-05,113.58834075927734
2023-10-06,114.89735412597656
2023-10-09,115.41332244873047
2023-10-10,116.3592529296875
2023-10-11,116.8752212524414
2023-10-12,115.97706604003906
2023-10-13,115.30821228027344
2023-10-16,116.4261245727539
2023-10-17,116.41658782958984
2023-10-18,114.71581268310547
2023-10-19,113.68388366699219
2023-10-20,112.41310119628906
2023-10-23,112.26976776123047
2023-10-24,113.03417205810547
2023-10-25,111.572265625
2023-10-26,110.43522644042969
2023-10-27,109.8906021118164
2023-10-30,111.24739837646484
2023-10-31,111.89712524414062
2023-11-01,113.05326843261719
2023-11-02,115.346435546875
2023-11-03,116.50257873535156
2023-11-06,116.46434783935547
2023-11-07,116.55990600585938
2023-11-08,116.58856201171875
2023-11-09,115.91016387939453
2023-11-10,117.3720703125
2023-11-13,117.41028594970703
2023-11-14,119.87545013427734
2023-11-15,120.06654357910156
2023-11-16,120.06654357910156
2023-11-17,120.67805480957031
2023-11-20,121.41378021240234
2023-11-21,121.15579223632812
2023-11-22,121.56665802001953
2023-11-24,121.84374237060547
2023-11-27,121.64309692382812
2023-11-28,121.73865509033203
2023-11-29,121.75775909423828
2023-11-30,122.09217071533203
2023-12-01,123.0285415649414
2023-12-04,122.3405990600586
2023-12-05,122.14949798583984
2023-12-06,121.86286163330078
2023-12-07,122.74190521240234
2023-12-08,123.18143463134766
2023-12-11,123.64962768554688
2023-12-12,123.97449493408203
2023-12-13,125.80902099609375
2023-12-14,126.46830749511719
2023-12-15,126.07655334472656
2023-12-18,126.65940856933594
2023-12-19,127.53845977783203
2023-12-20,125.84200286865234
2023-12-21,127.31591796875
2023-12-22,127.57603454589844
2023-12-26,128.10585021972656
2023-12-27,128.47193908691406
2023-12-28,128.3948516845703
2023-12-29,128.1444091796875
2024-01-02,127.07508087158203
2024-01-03,126.0539321899414
2024-01-04,125.909423828125
2024-01-05,126.06356048583984
2024-01-08,127.73015594482422
2024-01-09,127.21959686279297
2024-01-10,127.96137237548828
2024-01-11,127.95174407958984
2024-01-12,128.05767822265625
2024-01-16,127.17141723632812
2024-01-17,126.34294128417969
2024-01-18,127.40263366699219
2024-01-19,128.73204040527344
2024-01-22,129.03067016601562
2024-01-23,129.19444274902344
2024-01-24,129.49307250976562
2024-01-25,130.003662109375
2024-01-26,130.11927795410156
2024-01-29,131.12112426757812
2024-01-30,131.00555419921875
2024-01-31,129.2811279296875
2024-02-01,130.77432250976562
2024-02-02,131.44869995117188
2024-02-05,130.8610382080078
2024-02-06,131.37161254882812
2024-02-07,132.12301635742188
2024-02-08,132.20008850097656
2024-02-09,132.84552001953125
2024-02-12,132.94187927246094
2024-02-13,130.94772338867188
2024-02-14,132.34457397460938
2024-02-15,133.47169494628906
2024-02-16,132.98037719726562
2024-02-20,132.566162109375
2024-02-21,132.65286254882812
2024-02-22,135.0419464111328
2024-02-23,135.18646240234375
2024-02-26,134.66624450683594
2024-02-27,135.01304626464844
2024-02-28,134.58920288085938
2024-02-29,135.1383056640625
2024-03-01,136.35211181640625
2024-03-04,136.18833923339844
2024-03-05,135.12864685058594
2024-03-06,136.14016723632812
2024-03-07,137.6044464111328
2024-03-08,136.872314453125
2024-03-11,136.4773406982422
2024-03-12,137.91273498535156
2024-03-13,137.78749084472656
2024-03-14,137.18060302734375
2024-03-15,136.54478454589844
2024-03-18,136.95899963378906
2024-03-19,137.63336181640625
2024-03-20,138.92425537109375
2024-03-21,139.36737060546875
2024-03-22,139.1072998046875
2024-03-25,138.72193908691406
2024-03-26,138.5388946533203
2024-03-27,139.59860229492188
2024-03-28,139.59860229492188
2024-04-01,139.20361328125
2024-04-02,138.2402801513672
2024-04-03,138.6544952392578
2024-04-04,137.08425903320312
2024-04-05,138.29808044433594
2024-04-08,138.45217895507812
2024-04-09,138.55819702148438
2024-04-10,137.02645874023438
2024-04-11,137.97052001953125
2024-04-12,135.82228088378906
2024-04-15,134.43507385253906
2024-04-16,133.88595581054688
2024-04-17,133.44281005859375
2024-04-18,133.04782104492188
2024-04-19,132.27716064453125
2024-04-22,133.4331512451172
2024-04-23,134.9263458251953
2024-04-24,134.8203887939453
2024-04-25,134.33871459960938
2024-04-26,135.6392364501953
2024-04-29,136.053466796875
2024-04-30,134.0689697265625
2024-05-01,133.51988220214844
2024-05-02,134.9456329345703
2024-05-03,136.58331298828125
2024-05-06,137.92237854003906
2024-05-07,138.06687927246094
2024-05-08,138.05722045898438
2024-05-09,138.8568115234375
2024-05-10,139.0880126953125
2024-05-13,139.0012969970703
2024-05-14,139.82017517089844
2024-05-15,141.41932678222656
2024-05-16,141.07252502441406
2024-05-17,141.3518829345703
2024-05-20,141.40003967285156
2024-05-21,141.63125610351562
2024-05-22,140.94728088378906
2024-05-23,139.9742889404297
2024-05-24,140.94728088378906
2024-05-28,140.97616577148438
2024-05-29,139.5118865966797
2024-05-30,139.328857421875
2024-05-31,140.36927795410156
2024-06-03,140.70645141601562
2024-06-04,140.67755126953125
2024-06-05,142.15145874023438
2024-06-06,142.2381591796875
2024-06-07,141.640869140625
2024-06-10,141.95880126953125
2024-06-11,141.7635955810547
2024-06-12,143.08438110351562
2024-06-13,142.7736053466797
2024-06-14,142.3560028076172
2024-06-17,143.22035217285156
2024-06-18,143.6962432861328
2024-06-20,143.46315002441406
2024-06-21,142.98727416992188
2024-06-24,143.026123046875
2024-06-25,143.52142333984375
2024-06-26,143.44374084472656
2024-06-27,143.48257446289062
2024-06-28,143.23977661132812
2024-07-01,143.55056762695312
2024-07-02,144.2983856201172
2024-07-03,145.2792510986328
2024-07-05,146.1630401611328
2024-07-08,146.00765991210938
2024-07-09,146.09506225585938
2024-07-10,147.63925170898438
2024-07-11,146.91085815429688
2024-07-12,148.00828552246094
2024-07-15,148.01800537109375
2024-07-16,148.88235473632812
2024-07-17,147.23133850097656
2024-07-18,145.91053771972656
2024-07-19,144.88107299804688
2024-07-22,146.42527770996094
2024-07-23,145.95909118652344
2024-07-24,142.98727416992188
2024-07-25,142.27830505371094
2024-07-26,143.86135864257812
2024-07-29,143.8127899169922
2024-07-30,143.40489196777344
2024-07-31,145.6483154296875
2024-08-01,143.06495666503906
2024-08-02,140.45248413085938
2024-08-05,136.6260223388672
2024-08-06,137.6748809814453
2024-08-07,137.1116180419922
2024-08-08,140.02516174316406
2024-08-09,140.85067749023438
2024-08-12,140.72442626953125
2024-08-13,143.1717987060547
2024-08-14,143.6088104248047
2024-08-15,145.76486206054688
2024-08-16,146.36700439453125
2024-08-19,147.83348083496094
2024-08-20,147.6198272705078
2024-08-21,148.46473693847656
2024-08-22,147.12451171875
2024-08-23,149.36793518066406
2024-08-26,148.94061279296875
2024-08-27,149.16400146484375
2024-08-28,148.4550323486328
2024-08-29,148.55215454101562
2024-08-30,149.7369842529297
2024-09-03,146.65834045410156
2024-09-04,146.37667846679688
2024-09-05,145.86196899414062
2024-09-06,143.49229431152344
2024-09-09,145.02676391601562
2024-09-10,145.42495727539062
2024-09-11,146.85260009765625
2024-09-12,147.96945190429688
2024-09-13,148.72695922851562
2024-09-16,149.24168395996094
2024-09-17,148.99888610839844
2024-09-18,148.6007080078125
2024-09-19,151.17434692382812
2024-09-20,150.64019775390625
2024-09-23,151.09666442871094
2024-09-24,151.57254028320312
2024-09-25,151.19374084472656
2024-09-26,152.57286071777344
2024-09-27,152.106689453125
2024-09-30,152.38832092285156
2024-10-01,151.12579345703125
2024-10-02,151.1452178955078
2024-10-03,150.57220458984375
2024-10-04,151.83474731445312
2024-10-07,150.5333709716797
2024-10-08,151.57254028320312
2024-10-09,152.3786163330078
2024-10-10,152.12611389160156
2024-10-11,153.0001678466797
2024-10-14,153.97134399414062
2024-10-15,152.44659423828125
2024-10-16,153.0681610107422
2024-10-17,153.1555633544922
2024-10-18,153.83538818359375
2024-10-21,153.165283203125
2024-10-22,152.9224853515625
2024-10-23,151.39772033691406
2024-10-24,151.89303588867188
2024-10-25,151.6502227783203
2024-10-28,152.32034301757812
2024-10-29,152.32034301757812
2024-10-30,151.7667694091797
2024-10-31,149.2999725341797
2024-11-01,149.90211486816406
2024-11-04,149.69815063476562
2024-11-05,151.46571350097656
2024-11-06,153.7965545654297
2024-11-07,155.3018798828125
2024-11-08,155.2727508544922
2024-11-11,155.632080078125
2024-11-12,154.5928955078125
2024-11-13,154.38897705078125
2024-11-14,153.74798583984375
2024-11-15,152.14553833007812
2024-11-18,152.85450744628906
2024-11-19,153.30125427246094
2024-11-20,153.2138214111328
2024-11-21,154.00048828125
2024-11-22,154.67059326171875
2024-11-25,155.15618896484375
2024-11-26,155.43785095214844
2024-11-27,155.2436065673828
2024-11-29,156.49642944335938
2024-12-02,156.8946075439453
2024-12-03,157.05972290039062
2024-12-04,157.97264099121094
2024-12-05,157.9823455810547
2024-12-06,158.25425720214844
2024-12-09,157.35105895996094
2024-12-10,156.68093872070312
2024-12-11,157.90463256835938
2024-12-12,156.88490295410156
2024-12-13,156.7003936767578
2024-12-16,157.04029846191406
2024-12-17,156.45651245117188
2024-12-18,151.9388427734375
2024-12-19,151.7237091064453
2024-12-20,152.8971405029297
2024-12-23,153.9141082763672
2024-12-24,155.25375366210938
2024-12-26,155.53732299804688
2024-12-27,154.1096649169922
2024-12-30,152.6624298095703
2024-12-31,152.05616760253906
2025-01-02,151.7628173828125
2025-01-03,153.50338745117188
2025-01-06,154.26611328125
2025-01-07,152.94601440429688
2025-01-08,152.965576171875
2025-01-10,150.83384704589844
2025-01-13,150.81430053710938
2025-01-14,151.00985717773438
2025-01-15,153.63052368164062
2025-01-16,153.65985107421875
2025-01-17,154.89195251464844
2025-01-21,156.7205352783203
2025-01-22,157.32679748535156
2025-01-23,158.28509521484375
2025-01-24,158.15798950195312
2025-01-27,156.4369354248047
2025-01-28,157.36590576171875
2025-01-29,156.85743713378906
2025-01-30,157.97218322753906
2025-01-31,157.10191345214844
2025-02-03,155.8404541015625
2025-02-04,157.08233642578125
2025-02-05,157.97218322753906
2025-02-06,158.47088623046875
2025-02-07,157.04322814941406
2025-02-10,158.0992889404297
2025-02-11,158.3828887939453
2025-02-12,158.24598693847656
2025-02-13,159.9279022216797
2025-02-14,159.93765258789062
2025-02-18,160.4559326171875
2025-02-19,160.39724731445312
2025-02-20,160.0843505859375
2025-02-21,157.7081756591797
2025-02-24,157.0725555419922
2025-02-25,156.85743713378906
2025-02-26,156.95523071289062
2025-02-27,154.55947875976562
2025-02-28,156.45651245117188
2025-03-03,154.78436279296875
2025-03-04,153.48385620117188
2025-03-05,155.71334838867188
2025-03-06,153.02426147460938
2025-03-07,154.14877319335938
2025-03-10,149.94400024414062
2025-03-11,149.0541534423828
2025-03-12,149.80709838867188
2025-03-13,147.89053344726562
2025-03-14,151.03921508789062
2025-03-17,152.41796875
2025-03-18,151.10765075683594
2025-03-19,152.47665405273438
2025-03-20,151.8899383544922
2025-03-21,151.7921600341797
2025-03-24,153.93365478515625
2025-03-25,154.2856903076172
2025-03-26,152.52552795410156
2025-03-27,152.13441467285156
2025-03-28,149.49420166015625
2025-03-31,149.78753662109375
2025-04-01,150.19825744628906
2025-04-02,151.20545959472656
2025-04-03,144.99607849121094
2025-04-04,136.1660614013672
2025-04-07,134.95350646972656
2025-04-08,133.28140258789062
2025-04-09,145.191650390625
2025-04-10,140.90866088867188
2025-04-11,143.66619873046875
2025-04-14,144.98631286621094
2025-04-15,145.1623077392578
2025-04-16,142.80567932128906
2025-04-17,143.42172241210938
2025-04-21,140.7913055419922
2025-04-22,144.1160125732422
2025-04-23,145.91525268554688
2025-04-24,148.73147583007812
2025-04-25,149.66043090820312
2025-04-28,150.05157470703125
2025-04-29,150.76539611816406
2025-04-30,150.86318969726562
2025-05-01,151.3521270751953
2025-05-02,153.72830200195312
2025-05-05,153.16116333007812
2025-05-06,152.26153564453125
2025-05-07,152.57443237304688
2025-05-08,153.15138244628906
2025-05-09,153.30783081054688
2025-05-12,157.0725555419922
2025-05-13,158.04063415527344
2025-05-14,158.04063415527344
2025-05-15,158.9109344482422
2025-05-16,159.88877868652344
2025-05-19,160.2994842529297
2025-05-20,160.13323974609375
2025-05-21,158.03086853027344
2025-05-22,157.91351318359375
2025-05-23,157.395263671875
2025-05-27,160.20169067382812
2025-05-28,159.16517639160156
2025-05-29,159.73233032226562
2025-05-30,159.69320678710938
2025-06-02,160.80795288085938
2025-06-03,161.26754760742188
2025-06-04,161.463134765625
2025-06-05,160.7981719970703
2025-06-06,162.1769561767578
2025-06-09,162.25518798828125
2025-06-10,162.8614501953125
2025-06-11,162.48985290527344
2025-06-12,163.27215576171875
2025-06-13,161.34579467773438
2025-06-16,162.7460174560547
2025-06-17,161.24822998046875
2025-06-18,161.2876434326172
2025-06-20,160.63729858398438
2025-06-23,162.0858154296875
2025-06-24,163.97775268554688
2025-06-25,163.69198608398438
2025-06-26,165.2489013671875
2025-06-27,166.12586975097656
2025-06-30,166.9043426513672
2025-07-01,166.6776885986328
2025-07-02,167.3871612548828
2025-07-03,168.37255859375
2025-07-07,166.99301147460938
2025-07-08,167.08169555664062
2025-07-09,168.2050323486328
2025-07-10,168.53021240234375
2025-07-11,167.62367248535156
2025-07-14,167.96856689453125
2025-07-15,166.99301147460938
2025-07-16,167.51527404785156
2025-07-17,168.45138549804688
2025-07-18,168.3134307861328
2025-07-21,168.71743774414062
2025-07-22,169.0130615234375
2025-07-23,170.9542694091797
2025-07-24,170.8163299560547
2025-07-25,171.21046447753906
2025-07-28,170.471435546875
2025-07-29,170.10682678222656
2025-07-30,169.62399291992188
2025-07-31,168.5991973876953
2025-08-01,166.490478515625
2025-08-04,168.91452026367188
2025-08-05,168.34300231933594
2025-08-06,169.6732635498047
2025-08-07,169.8309326171875
2025-08-08,171.09222412109375
2025-08-11,170.56997680664062
2025-08-12,172.5604248046875
2025-08-13,173.20094299316406
2025-08-14,173.03343200683594
2025-08-15,173.15167236328125
2025-08-18,172.95458984375
2025-08-19,172.23526000976562
2025-08-20,172.11700439453125
2025-08-21,171.4174041748047
2025-08-22,173.97938537597656
2025-08-25,172.92503356933594
2025-08-26,173.3684539794922
2025-08-27,173.63450622558594
2025-08-28,174.33413696289062
2025-08-29,173.30934143066406
2025-09-02,171.99876403808594
2025-09-03,172.63926696777344
2025-09-04,174.0779266357422
2025-09-05,173.8512725830078
2025-09-08,174.66915893554688
2025-09-09,174.9647674560547
2025-09-10,175.26039123535156
2025-09-11,176.84686279296875
2025-09-12,176.6300811767578
2025-09-15,177.54647827148438
2025-09-16,177.3789520263672
2025-09-17,176.935546875
2025-09-18,177.86180114746094
2025-09-19,178.39390563964844
2025-09-22,179.0541229248047
2025-09-23,178.32493591308594
2025-09-24,177.5267791748047
2025-09-25,176.71876525878906
2025-09-26,177.66473388671875
2025-09-29,178.28550720214844
2025-09-30,178.90631103515625
2025-10-01,179.6946258544922
2025-10-02,179.9705352783203
2025-10-03,180.33511352539062
2025-10-06,180.92636108398438
2025-10-07,179.9508056640625
2025-10-08,180.83767700195312
2025-10-09,180.00009155273438
2025-10-10,175.5954132080078
2025-10-13,178.00961303710938
2025-10-14,178.1278533935547
2025-10-15,178.85704040527344
2025-10-16,178.23626708984375
2025-10-17,178.98513793945312
2025-10-20,180.56175231933594
2025-10-21,180.18731689453125
2025-10-22,179.3300323486328
2025-10-23,180.48292541503906
2025-10-24,181.59640502929688
2025-10-27,183.53761291503906
2025-10-28,183.9120635986328
2025-10-29,183.4883575439453
2025-10-30,181.95114135742188
2025-10-31,182.32559204101562
2025-11-03,182.65077209472656
2025-11-04,180.4040985107422
2025-11-05,181.2219696044922
2025-11-06,179.5074005126953
2025-11-07,179.89169311523438
2025-11-10,182.4635467529297
2025-11-11,183.044921875
2025-11-12,183.51791381835938
2025-11-13,180.55189514160156
2025-11-14,180.51248168945312
2025-11-17,178.63040161132812
2025-11-18,177.14247131347656
2025-11-19,177.42823791503906
2025-11-20,174.70858764648438
2025-11-21,176.56109619140625
2025-11-24,178.5121612548828
2025-11-25,180.54205322265625
2025-11-26,182.02996826171875
2025-11-28,182.94638061523438
2025-12-01,182.12852478027344
2025-12-02,182.57192993164062
2025-12-03,183.34054565429688
2025-12-04,183.52777099609375
2025-12-05,183.85293579101562
2025-12-08,183.19273376464844
2025-12-09,183.1631622314453
2025-12-10,184.39491271972656
2025-12-11,185.10438537597656
2025-12-12,183.37010192871094
2025-12-15,183.53761291503906
2025-12-16,182.96644592285156
2025-12-17,181.0790557861328
2025-12-18,182.44989013671875
2025-12-19,183.94985961914062
2025-12-22,185.05247497558594
2025-12-23,185.9663848876953
2025-12-24,186.47299194335938
2025-12-26,186.56239318847656
2025-12-29,185.85711669921875
2025-12-30,185.7677001953125
2025-12-31,184.53594970703125
2026-01-02,185.27102661132812
2026-01-05,186.7610626220703
2026-01-06,187.724609375
2026-01-07,186.96966552734375
2026-01-08,186.98953247070312
2026-01-09,188.27096557617188
2026-01-12,188.78750610351562
2026-01-13,188.27096557617188
2026-01-14,187.67494201660156
2026-01-15,187.99282836914062
2026-01-16,187.95309448242188
2026-01-20,184.40679931640625
2026-01-21,186.41339111328125
2026-01-22,187.30740356445312
2026-01-23,187.6054229736328
2026-01-26,188.6484375
2026-01-27,190.01927185058594
2026-01-28,189.5225830078125
2026-01-29,189.53253173828125
2026-01-30,188.37030029296875
2026-02-02,189.39346313476562
2026-02-03,188.1815643310547
2026-02-04,187.724609375
2026-02-05,185.2213592529297
2026-02-06,188.97625732421875
2026-02-09,190.56561279296875
2026-02-10,190.3272247314453
2026-02-11,190.55569458007812
2026-02-12,187.7643585205078
2026-02-13,188.14181518554688
2026-02-17,188.20143127441406
2026-02-18,189.14512634277344
2026-02-19,188.62857055664062
2026-02-20,189.91993713378906
2026-02-23,188.2411651611328
2026-02-24,189.5027313232422
2026-02-25,191.0920867919922
2026-02-26,190.40667724609375
2026-02-27,189.572265625
2026-03-02,188.91664123535156
2026-03-03,185.9663848876953
2026-03-04,187.56568908691406
2026-03-05,185.84716796875
2026-03-06,183.75119018554688
2026-03-09,185.21142578125
2026-03-10,185.1220245361328
2026-03-11,184.78428649902344
2026-03-12,181.93333435058594
2026-03-13,180.5426483154297
2026-03-16,182.8174285888672
2026-03-17,183.2644500732422
2026-03-18,180.56251525878906
2026-03-19,180.15524291992188
2026-03-20,176.8175506591797
2026-03-23,179.34068298339844
2026-03-24,178.6552734375
2026-03-25,179.9863739013672
2026-03-26,176.85728454589844
2026-03-27,174.25469970703125
2026-03-30,173.77789306640625
2026-03-31,178.8241424560547
2026-04-01,180.6022491455078
2026-04-02,180.51284790039062
2026-04-06,181.3075408935547
2026-04-07,181.2578582763672
2026-04-08,186.41339111328125
2026-04-09,187.10873413085938
2026-04-10,187.12860107421875
2026-04-13,188.72792053222656
2026-04-14,190.72454833984375
2026-04-15,192.04571533203125
2026-04-16,192.09539794921875
2026-04-17,194.4893798828125
2026-04-20,194.2112274169922
2026-04-21,191.9960479736328
2026-04-22,193.62515258789062
2026-04-23,192.532470703125
2026-04-24,193.97283935546875
2026-04-27,194.15164184570312
2026-04-28,193.13841247558594
2026-04-29,192.58212280273438
2026-04-30,195.2443389892578
2026-05-01,195.4529266357422
2026-05-04,194.2609100341797
2026-05-05,195.7211456298828
2026-05-06,199.29722595214844
2026-05-07,197.79725646972656
2026-05-08,199.30715942382812
2026-05-11,199.5455780029297
2026-05-12,199.23764038085938
2026-05-13,200.29058837890625
2026-05-14,201.39321899414062
2026-05-15,198.59194946289062
2026-05-18,198.9197540283203
2026-05-19,197.64825439453125
2026-05-20,200.15151977539062
2026-05-21,200.72767639160156
2026-05-22,201.1945343017578
2026-05-26,202.64483642578125
2026-05-27,202.55543518066406
2026-05-28,203.4395294189453
2026-05-29,203.5686492919922
2026-06-01,203.9958038330078
2026-06-02,204.8103485107422
2026-06-03,203.29051208496094
2026-06-04,204.30374145507812
2026-06-05,199.04888916015625
2026-06-08,199.71444702148438
2026-06-09,199.04888916015625
2026-06-10,196.12841796875
2026-06-11,200.201171875
2026-06-12,200.97601318359375
2026-06-15,203.6300048828125
2026-06-16,203.10000610351562
2026-06-17,200.99000549316406
2026-06-18,202.72999572753906
2026-06-22,202.3699951171875
2026-06-23,199.42999267578125
2026-06-24,199.0
2026-06-25,199.2899932861328
2026-06-26,197.36000061035156
2026-06-29,201.24000549316406
2026-06-30,202.63999938964844
2026-07-01,202.0800018310547
2026-07-02,202.64999389648438
2026-07-06,204.44000244140625
2026-07-07,203.1300048828125
2026-07-08,202.2899932861328
2026-07-09,203.72999572753906
2026-07-10,204.6300048828125
2026-07-13,203.00999450683594
2026-07-14,203.97999572753906
2026-07-15,204.75
2026-07-16,203.5800018310547
2026-07-17,201.89999389648438
2026-07-20,201.10000610351562
2026-07-21,203.1300048828125
2026-07-22,203.10000610351562
2026-07-23,200.61000061035156
2026-07-24,200.8800048828125
2026-07-27,201.25999450683594
2026-07-28,201.8000030517578
2026-07-29,199.17999267578125
2026-07-30,202.97999572753906
2026-07-31,203.3699951171875
